variant,call,stage,requestedModel,returnedModel,temperature,maxTokens,httpStatus,errorCode,finishReason,promptTokens,completionTokens,totalTokens,providerEstimatedCostUsd,latencyMs,firstByteMs,firstTextMs,inputHash,outputHash
after-calls,call-1,character-gate,deepseek-ai/DeepSeek-V4-Flash-0731,deepseek-ai/DeepSeek-V4-Flash-0731,0,2048,200,,stop,1361,18,1379,3.882e-05,5297.213594,,,e007a362de832b5fe2d857204e253b806875c9300035814a5dc5f78c289f7cdd,c9220959c1fd384a6ea927ceb6b930a53097665eb3887080afa848c0b1df6ac9
after-calls,call-2,character-body,deepseek-ai/DeepSeek-V4-Flash-0731,deepseek-ai/DeepSeek-V4-Flash-0731,0,2048,200,,stop,963,14,977,3.726e-05,1503.6632119999995,,,25d581cb010a6ce0d3edda6f4861f810a88b03b9bf08e7af4bb5518a779dd93d,ae33c00b53ddd8f1b78fb6824a4a7d30e0331e4c5a614549dbba5feebc160778
after-calls,call-7,character-gate,deepseek-ai/DeepSeek-V4-Flash-0731,deepseek-ai/DeepSeek-V4-Flash-0731,0,2048,200,,stop,1353,64,1417,4.6620000000000004e-05,3179.5465289999993,,,b9145c4a4eebfe2d0872ed3f41cc43bad174f2c569f4d1a3ac9533c2f4d03d08,299dba05f9440b8a5baf3e35061bf6f2d6a9b91dcaf26b286ef0a75416e2df9c
after-calls,call-8,cognition,zai-org/GLM-5.3-Flash,zai-org/GLM-5.3-Flash,0,2048,200,,stop,1007,65,1072,9.1775e-05,7434.3635460000005,,,b9e7e899c0b905d98a2814c4d7f24ed75105c4e77bd52ea3c223bc541177f5ef,c91a16ac188be5676a7046a85cd42590ba3a94db4a7014b5d54b61b72541a6ea
after-calls,call-9,character-gate,deepseek-ai/DeepSeek-V4-Flash-0731,deepseek-ai/DeepSeek-V4-Flash-0731,0,2048,200,,stop,1351,14,1365,8.358000000000001e-05,1175.7620749999987,,,6beeee1c90d08aafb637c69ea5f6aebb6a05ccc7501983b219c5c50a36d84eb4,5491e32a5b919a3fab6cfe6125b7a8456090e4577b52cce4c1f862d2a77d46f2
after-calls,call-11,character-gate,deepseek-ai/DeepSeek-V4-Flash-0731,deepseek-ai/DeepSeek-V4-Flash-0731,0,2048,200,,stop,1367,22,1389,3.990000000000001e-05,1655.8270349999984,,,ba094c9d70220824fd6466bb498eb1ffc4a143723f1a8bf7586ec7d4aa71a093,87fd6b56729d9e1a18202da93f3070264a410ea431a58ef942c222e5e219a757
after-calls,call-12,character-body,deepseek-ai/DeepSeek-V4-Flash-0731,deepseek-ai/DeepSeek-V4-Flash-0731,0,2048,200,,stop,969,18,987,6.138e-05,1491.5322339999984,,,a2c1c43af6815e6701d734fc08b5d4b941f288d75cac56865b166e46a9c26eba,b59b8f4c6f6358c2fcb3576ca4c72980b3d0f8592793c792a68c34e77dc8538c
after-calls,call-15,character-gate,deepseek-ai/DeepSeek-V4-Flash-0731,deepseek-ai/DeepSeek-V4-Flash-0731,0,2048,200,,stop,1641,18,1659,5.562e-05,1082.105929999998,,,5e7222e1b8bf22632dffe700b63850ccfbf3db37bb89ccdf2bc301ebeeee3c9a,c9220959c1fd384a6ea927ceb6b930a53097665eb3887080afa848c0b1df6ac9
after-calls,call-16,character-body,deepseek-ai/DeepSeek-V4-Flash-0731,deepseek-ai/DeepSeek-V4-Flash-0731,0,2048,200,,stop,1243,25,1268,5.604e-05,1176.1570890000003,,,f958ece81a4a75aa885e382144062f6aa1ab030bbbb20e6e0c8fe00ac040a469,6119e75a840185af6834a83de3dc0fccb10f01ab17294fb44f8eea97245e0244
after-deferred-calls,call-2,character-gate,deepseek-ai/DeepSeek-V4-Flash-0731,deepseek-ai/DeepSeek-V4-Flash-0731,0,2048,200,,stop,1365,18,1383,3.906e-05,4849.517878000001,,,b6951fffc636436b990cc7dd0bbfe8b216ef5b397347c99e2cc9f264857c2a26,c9220959c1fd384a6ea927ceb6b930a53097665eb3887080afa848c0b1df6ac9
after-deferred-calls,call-3,character-body,deepseek-ai/DeepSeek-V4-Flash-0731,deepseek-ai/DeepSeek-V4-Flash-0731,0,2048,200,,stop,967,25,992,2.796e-05,1061.718847,,,75fdada6fb243c9a9d797a25b33e753be7428fce27944813c6e8daa149ba668e,7e5bc59f29e85c4a4e6694d8e8c277089a8180ecf4e2aedb52d52fd9c06f0561
after-deferred-calls,call-6,memory-semantic,zai-org/GLM-5.3-Flash,zai-org/GLM-5.3-Flash,0,2048,200,,stop,242,67,309,3.49e-05,1730.7504230000013,,,b4675dd1791187ed5967c7242345bb5585474b5ea18a19d499adbe0e5ab326e7,862d50e8458ab6d93ffd77966792579e5b3e39a2254e71635b743dd066ef05cb
after-deferred-calls,call-18,character-gate,deepseek-ai/DeepSeek-V4-Flash-0731,deepseek-ai/DeepSeek-V4-Flash-0731,0,2048,200,,stop,1447,18,1465,4.398e-05,1716.239594999999,,,6856ba0373c4a127650f2c4df11e829507661e2dc4e30706d6e5252c361eb5c0,c9220959c1fd384a6ea927ceb6b930a53097665eb3887080afa848c0b1df6ac9
after-deferred-calls,call-23,character-body,deepseek-ai/DeepSeek-V4-Flash-0731,deepseek-ai/DeepSeek-V4-Flash-0731,0,2048,200,,stop,1049,9,1058,3e-05,857.5560069999992,,,ff6951de36cd62c5c3bed04c2e2b764f353be38e612c8befef2c3c3b72ffc69c,cacb927e946fa8549ee25c819dff38829b047be685627cb5d1e7988885088703
after-deferred-calls,call-30,character-gate,deepseek-ai/DeepSeek-V4-Flash-0731,deepseek-ai/DeepSeek-V4-Flash-0731,0,2048,200,,stop,1565,22,1587,9.786000000000002e-05,5052.4033100000015,,,d510333b97a1f46c6b815f13bb7bd6727a4734d85f3c0bd991694d2894f3060a,87fd6b56729d9e1a18202da93f3070264a410ea431a58ef942c222e5e219a757
after-deferred-calls,call-35,character-body,deepseek-ai/DeepSeek-V4-Flash-0731,deepseek-ai/DeepSeek-V4-Flash-0731,0,2048,200,,stop,1167,24,1191,3.9779999999999995e-05,1109.2840259999975,,,c23ff9390d8ce74da56ef0c0c628b3273d310343950d75dfd85c465024c705ed,1f83b05166cfd0cfe7b25ae1090b6917f56cb3db03da263f37557ec0b360059d
after-deferred-calls,call-37,memory-semantic,zai-org/GLM-5.3-Flash,zai-org/GLM-5.3-Flash,0,2048,200,,stop,298,105,403,4.8599999999999995e-05,2696.9035099999965,,,aac5a9415cd3fb4eef00be21a5ebf40f3c560b92d39b04b92326b56c52ac7f28,a402d1dc8e4b930683d38b903edeaaa62e25701879f08e0a82e8c3706dae3e95
after-deferred-calls,call-46,character-gate,deepseek-ai/DeepSeek-V4-Flash-0731,deepseek-ai/DeepSeek-V4-Flash-0731,0,2048,200,,stop,1699,18,1717,5.909999999999999e-05,1924.087059999998,,,267d94c9a9e86c5fa5d35a053488b64eef4220d60b9e0c0483cd51a7c51d0c5b,c9220959c1fd384a6ea927ceb6b930a53097665eb3887080afa848c0b1df6ac9
after-deferred-calls,call-49,character-body,deepseek-ai/DeepSeek-V4-Flash-0731,deepseek-ai/DeepSeek-V4-Flash-0731,0,2048,200,,stop,1301,30,1331,6.042000000000001e-05,1766.3645189999952,,,c545d8b970a9966c7d74168058e5bec2dcd024260b4bde6ed23f4ccb9632dced,d182fd9f8a456c1f35a0e91f320be82fa3b061b709ce87719a6c9630d01ddd4b
after-fixed-calls,call-2,character-gate,deepseek-ai/DeepSeek-V4-Flash-0731,deepseek-ai/DeepSeek-V4-Flash-0731,0,2048,200,,stop,1365,18,1383,3.906e-05,2600.1277470000005,,,884d17c0743f37aac6ba54ae643a82f675b2e7a89b44f8df03e8ba1d7b8bd42e,c9220959c1fd384a6ea927ceb6b930a53097665eb3887080afa848c0b1df6ac9
after-fixed-calls,call-3,character-body,deepseek-ai/DeepSeek-V4-Flash-0731,deepseek-ai/DeepSeek-V4-Flash-0731,0,2048,200,,stop,967,16,983,3.786e-05,1379.3085870000014,,,e510f5b4d44eaea1fc11bf67a7270982190de6435bf70bdab30becd43365dac8,4ac1baf9ee54566da28c29e522c0195a0cf081ca743af7b9d86e5230d26cfb3c
after-fixed-calls,call-5,memory-semantic,zai-org/GLM-5.3-Flash,zai-org/GLM-5.3-Flash,0,2048,200,,stop,242,57,299,3.24e-05,1330.3729430000003,,,b4675dd1791187ed5967c7242345bb5585474b5ea18a19d499adbe0e5ab326e7,dcb4c980c12c27ded93b98df086fba02ad3d291f36c6c8fc06ffd2b2c38761f1
after-fixed-calls,call-7,memory-semantic,zai-org/GLM-5.3-Flash,zai-org/GLM-5.3-Flash,0,2048,200,,stop,242,57,299,3.24e-05,4678.698432000001,,,b4675dd1791187ed5967c7242345bb5585474b5ea18a19d499adbe0e5ab326e7,dcb4c980c12c27ded93b98df086fba02ad3d291f36c6c8fc06ffd2b2c38761f1
after-fixed-calls,call-16,character-gate,deepseek-ai/DeepSeek-V4-Flash-0731,deepseek-ai/DeepSeek-V4-Flash-0731,0,2048,200,,stop,1406,18,1424,4.152e-05,2681.8109409999997,,,73d309df95271b3bcd7ed7a7f494516ab863804fc189245653f8643390ff3dbb,c9220959c1fd384a6ea927ceb6b930a53097665eb3887080afa848c0b1df6ac9
after-fixed-calls,call-21,character-body,deepseek-ai/DeepSeek-V4-Flash-0731,deepseek-ai/DeepSeek-V4-Flash-0731,0,2048,200,,stop,1008,9,1017,3.9059999999999995e-05,942.7353340000009,,,139139487d00f21f289ddcef5355b694765ec5f3eb84d54774efe01d30592ad0,cacb927e946fa8549ee25c819dff38829b047be685627cb5d1e7988885088703
after-fixed-calls,call-28,character-gate,deepseek-ai/DeepSeek-V4-Flash-0731,deepseek-ai/DeepSeek-V4-Flash-0731,0,2048,200,,stop,1567,22,1589,5.19e-05,879.9513079999997,,,c81ec2f41c5660575380aab716918b992b0315218ac3ab752c18a53e0b36af32,87fd6b56729d9e1a18202da93f3070264a410ea431a58ef942c222e5e219a757
after-fixed-calls,call-33,character-body,deepseek-ai/DeepSeek-V4-Flash-0731,deepseek-ai/DeepSeek-V4-Flash-0731,0,2048,200,,stop,1169,19,1188,5.052000000000001e-05,1769.232369999998,,,9a765b8932a953ad50631827b07011f5033e2cbdc662e442dd5f9dcd23d9be34,5d7627da664fbad6a657975693948c316bd5f09bd65bc6b814caacb9a6d9f486
after-fixed-calls,call-39,memory-semantic,zai-org/GLM-5.3-Flash,zai-org/GLM-5.3-Flash,0,2048,200,,stop,299,106,405,4.8925e-05,1776.2061250000006,,,394e82ea6c6832184d43c0c3031ec75323f7339817f38c8e1f2e07ae340fa96b,35e43262780a4bdbd7f695e1f945c1e43fb24e8683816660603b14a9bf00d305
after-fixed-calls,call-48,character-gate,deepseek-ai/DeepSeek-V4-Flash-0731,deepseek-ai/DeepSeek-V4-Flash-0731,0,2048,200,,stop,1725,18,1743,6.0660000000000005e-05,1485.9846130000042,,,80d13a3c63bf3a5f2227c01ae2d7a7e94d27f4b4867831d886848c8bea9aca09,c9220959c1fd384a6ea927ceb6b930a53097665eb3887080afa848c0b1df6ac9
after-fixed-calls,call-53,character-body,deepseek-ai/DeepSeek-V4-Flash-0731,deepseek-ai/DeepSeek-V4-Flash-0731,0,2048,200,,stop,1327,28,1355,6.162000000000001e-05,1557.9849449999965,,,254b18ec86eedcf8ec6b70ebec90a67f5abf414205cc4b35d1d3518d0da875e2,1a715836d1c6441e4cefffd3d0b5eba395ebc019b6c2395a47299b0babc2cd08
after-source-calls,call-2,character-gate,deepseek-ai/DeepSeek-V4-Flash-0731,deepseek-ai/DeepSeek-V4-Flash-0731,0,2048,200,,stop,1365,18,1383,3.906e-05,3118.2211099999986,,,08aec97148677015739c145fc45069905f861fdeb9edf668d97f0d853094b163,c9220959c1fd384a6ea927ceb6b930a53097665eb3887080afa848c0b1df6ac9
after-source-calls,call-3,character-body,deepseek-ai/DeepSeek-V4-Flash-0731,deepseek-ai/DeepSeek-V4-Flash-0731,0,2048,200,,stop,967,20,987,2.7060000000000002e-05,2619.790301999994,,,230510c5b84dcddc844b36ed7e4f560be3334bb6c7cc701db8201d7def33761c,00e263afdc80168cb030082a0d4dc453cb7e15206c2fd3b394aafcf96575e3b1
after-source-calls,call-5,memory-semantic,zai-org/GLM-5.3-Flash,zai-org/GLM-5.3-Flash,0,2048,200,,stop,242,57,299,3.24e-05,1890.0914500000072,,,b4675dd1791187ed5967c7242345bb5585474b5ea18a19d499adbe0e5ab326e7,dcb4c980c12c27ded93b98df086fba02ad3d291f36c6c8fc06ffd2b2c38761f1
after-source-calls,call-18,character-gate,deepseek-ai/DeepSeek-V4-Flash-0731,deepseek-ai/DeepSeek-V4-Flash-0731,0,2048,200,,stop,1448,18,1466,4.404e-05,3973.3694920000125,,,c7fd9c4d1610a4ec023d8a435a705954b2c9132fa34a89b935493be78b0af59d,c9220959c1fd384a6ea927ceb6b930a53097665eb3887080afa848c0b1df6ac9
after-source-calls,call-23,character-body,deepseek-ai/DeepSeek-V4-Flash-0731,deepseek-ai/DeepSeek-V4-Flash-0731,0,2048,200,,stop,1050,9,1059,4.1580000000000005e-05,1577.9950859999954,,,9d135ca84a8d325bac2f3fb704e459bde1bf8cd34eb85d526ef9915a951dafaa,cacb927e946fa8549ee25c819dff38829b047be685627cb5d1e7988885088703
after-source-calls,call-30,character-gate,deepseek-ai/DeepSeek-V4-Flash-0731,deepseek-ai/DeepSeek-V4-Flash-0731,0,2048,200,,stop,1567,22,1589,5.19e-05,1310.1502279999986,,,07ab2d1b04be90b7c912fa240c151d8a2f8efd1a8431af036e3cb095b62a66e1,87fd6b56729d9e1a18202da93f3070264a410ea431a58ef942c222e5e219a757
after-source-calls,call-35,character-body,deepseek-ai/DeepSeek-V4-Flash-0731,deepseek-ai/DeepSeek-V4-Flash-0731,0,2048,200,,stop,1169,20,1189,3.918000000000001e-05,1431.903215000013,,,d4ad203527a43fe5bc014ed464bd53b45675d6a2deb9baddeab526065f233f2f,889ec045c86a33972250076e53781acb084e1a8e1520044f6e30dfe52d654d85
after-source-calls,call-37,memory-semantic,zai-org/GLM-5.3-Flash,zai-org/GLM-5.3-Flash,0,2048,200,,stop,298,113,411,5.0600000000000003e-05,4208.708737000008,,,912af21dd41dad36ae8387e5bd09a22adef4142eefed1773e58b3638ad98cc4e,c99c03f330ae38047d3cff5bed1f5fe41f4988cfe6c90c9b288b820ba3e99719
after-source-calls,call-39,memory-semantic,zai-org/GLM-5.3-Flash,zai-org/GLM-5.3-Flash,0,2048,200,,stop,298,113,411,5.0600000000000003e-05,8988.20977799999,,,912af21dd41dad36ae8387e5bd09a22adef4142eefed1773e58b3638ad98cc4e,c99c03f330ae38047d3cff5bed1f5fe41f4988cfe6c90c9b288b820ba3e99719
after-source-calls,call-48,character-gate,deepseek-ai/DeepSeek-V4-Flash-0731,deepseek-ai/DeepSeek-V4-Flash-0731,0,2048,200,,stop,1724,18,1742,6.0599999999999996e-05,1368.7402779999975,,,12e2784f46f6ca74170a97b46233d80fbdbdbecd5183dd6909c654927d817124,c9220959c1fd384a6ea927ceb6b930a53097665eb3887080afa848c0b1df6ac9
after-source-calls,call-53,character-body,deepseek-ai/DeepSeek-V4-Flash-0731,deepseek-ai/DeepSeek-V4-Flash-0731,0,2048,200,,stop,1326,28,1354,6.156e-05,1704.2602000000043,,,b1ec9056ddfffd408a8a19b6aaa7e4c0e672a6b1d897c4e04e08b19d8abdcb58,1a715836d1c6441e4cefffd3d0b5eba395ebc019b6c2395a47299b0babc2cd08
before-calls,call-1,character-gate,deepseek-ai/DeepSeek-V4-Flash-0731,deepseek-ai/DeepSeek-V4-Flash-0731,0,2048,200,,stop,1365,18,1383,8.513999999999999e-05,5650.538230999999,,,bbd42efb978b17262219b439f241e4795a219142fadc793ffca8dc9325c29b8a,c9220959c1fd384a6ea927ceb6b930a53097665eb3887080afa848c0b1df6ac9
before-calls,call-2,character-body,deepseek-ai/DeepSeek-V4-Flash-0731,deepseek-ai/DeepSeek-V4-Flash-0731,0,2048,200,,stop,967,14,981,6.053999999999999e-05,1938.2896739999996,,,52c34775acfa731aac9af5f6b4abd66d83e355b8ba1546a556de577234d878f7,ae33c00b53ddd8f1b78fb6824a4a7d30e0331e4c5a614549dbba5feebc160778
before-calls,call-13,character-gate,deepseek-ai/DeepSeek-V4-Flash-0731,deepseek-ai/DeepSeek-V4-Flash-0731,0,2048,200,,stop,1452,18,1470,4.4279999999999996e-05,787.2631389999988,,,f83c729a6673e79c971df356b9ff02a69bdcf6dbe89a8b601e9db8f1f8f910b8,c9220959c1fd384a6ea927ceb6b930a53097665eb3887080afa848c0b1df6ac9
before-calls,call-18,character-body,deepseek-ai/DeepSeek-V4-Flash-0731,deepseek-ai/DeepSeek-V4-Flash-0731,0,2048,200,,stop,1054,9,1063,4.182e-05,2105.5340940000024,,,225f6d3b65cc94ed11032b768954e6c9f898a2d0fe913b6ddd18e6225cd43249,cacb927e946fa8549ee25c819dff38829b047be685627cb5d1e7988885088703
before-calls,call-24,character-gate,deepseek-ai/DeepSeek-V4-Flash-0731,deepseek-ai/DeepSeek-V4-Flash-0731,0,2048,200,,stop,1575,22,1597,5.2379999999999997e-05,1475.009205000002,,,884d7a121bb7c3aca849109f1dbdd0d7516291cb059006eb91e4780c8bd136ea,87fd6b56729d9e1a18202da93f3070264a410ea431a58ef942c222e5e219a757
before-calls,call-29,character-body,deepseek-ai/DeepSeek-V4-Flash-0731,deepseek-ai/DeepSeek-V4-Flash-0731,0,2048,200,,stop,1177,16,1193,5.046e-05,1549.6922840000007,,,56d6fe21bd49b7723122af4ec8df759daa1889aec7e9025f355fba3acdd487e5,7974fa69f443dcfa6d0b88e093b007ab56973208cd4163b1dce7936541a8d41a
before-calls,call-36,character-gate,deepseek-ai/DeepSeek-V4-Flash-0731,deepseek-ai/DeepSeek-V4-Flash-0731,0,2048,200,,stop,1730,18,1748,6.096e-05,956.2543480000022,,,513ccea3c3783d82f3113434d5e47c1414949a302f8d962969bb9ce3fb4e4e33,c9220959c1fd384a6ea927ceb6b930a53097665eb3887080afa848c0b1df6ac9
before-calls,call-41,character-body,deepseek-ai/DeepSeek-V4-Flash-0731,deepseek-ai/DeepSeek-V4-Flash-0731,0,2048,200,,stop,1332,31,1363,6.246e-05,1512.6836249999978,,,54b2039bbb64b38178c34130510917c165151c7e043eea26983b8432a602595a,0cca511fc555821236e43d68e8b2987efb48f03003cef6da63c6b67a348a6e36
failure-calls,call-2,character-gate,deepseek-ai/DeepSeek-V4-Flash-0731,deepseek-ai/DeepSeek-V4-Flash-0731,0,2048,200,,stop,1409,22,1431,8.85e-05,3113.048643,3112.9686349999993,,e098f08394427a7b2b17fa76db378a3762bda28ebd4b8c8f821fcb1f0c623a37,87fd6b56729d9e1a18202da93f3070264a410ea431a58ef942c222e5e219a757
failure-calls,call-3,character-body,deepseek-ai/DeepSeek-V4-Flash-0731,deepseek-ai/DeepSeek-V4-Flash-0731,0,2048,200,,stop,1011,27,1038,6.552000000000001e-05,2097.3698460000014,1058.3803239999997,1373.4976939999997,b84e76089502c42af72ced6e5ceab9c97c41db445b3eedd1017fc1026db31916,ea6b68886bd617075132eae071659c3d5e66d714b70a635234df360a82239c69
failure-calls,call-6,memory-semantic,zai-org/GLM-5.3-Flash,zai-org/GLM-5.3-Flash,0,2048,200,,stop,244,59,303,3.305e-05,2950.3317339999994,2950.263822000001,,9b15c0d7c2b0b1c8645187c537d082af6a789afdf372b43b5d16f34c2a937b89,8372e6425e0e75de0856b4b8c5b08ce15aa787078e63232774bce36c8032e236
failure-calls,call-16,character-gate,deepseek-ai/DeepSeek-V4-Flash-0731,deepseek-ai/DeepSeek-V4-Flash-0731,0,2048,200,,stop,1622,22,1644,5.52e-05,1145.7776269999995,1145.7392390000023,,f52d65519b27f3eb757664392e12c1c39794b1ed5e9869dbf8a45453889844a1,87fd6b56729d9e1a18202da93f3070264a410ea431a58ef942c222e5e219a757
failure-calls,call-21,character-body,deepseek-ai/DeepSeek-V4-Flash-0731,deepseek-ai/DeepSeek-V4-Flash-0731,0,2048,200,,stop,1224,38,1262,4.572e-05,2172.5352710000006,1039.4129420000027,1333.655493000002,4d952c3b53eaaaec07186268b452b43864967138c0074fdd9fc067eae915f6ac,ee719a0dd251871de53a4a563e34e1bcbbf1f38ba9fe574f9c6452ac4fa974b6
failure-calls,call-23,memory-semantic,zai-org/GLM-5.3-Flash,zai-org/GLM-5.3-Flash,0,2048,200,,stop,307,123,430,5.3775000000000006e-05,2360.3253430000004,2360.278757,,4635b8062a9346b3941a582187c596092c6cc618024190b1de7ab16a6d5c8cc4,95e7623fc44fd53cb5add445c0d4fc6236be08fd1ce54b0f0a563cf44e920c82
failure-calls,call-31,character-gate,deepseek-ai/DeepSeek-V4-Flash-0731,deepseek-ai/DeepSeek-V4-Flash-0731,0,2048,200,,stop,1498,18,1516,4.704e-05,1648.2581099999989,1648.2249979999979,,214ac38e8d97c760346a5d7f668afd61318b621a37fe0b6a781eb4694124f50e,c9220959c1fd384a6ea927ceb6b930a53097665eb3887080afa848c0b1df6ac9
failure-calls,call-36,character-body,deepseek-ai/DeepSeek-V4-Flash-0731,deepseek-ai/DeepSeek-V4-Flash-0731,0,2048,200,,stop,1100,14,1114,3.396e-05,1210.8362070000003,1192.8040819999987,1192.9186069999996,b0a4ab7f7b1ec1981190c632a7e7856b7d532b8e27ccbcfafef869d4e841eac1,a11ec5c236732072ba7e86d01fcdae76ef7d343928d843a7f670f555d406eec7
final-calls,call-2,character-gate,deepseek-ai/DeepSeek-V4-Flash-0731,,0,2048,,,,,,,,5006.816575000001,,,fbcdbce2766899a85f8e4bdf9295c36d0fa9966d6b865be0c3eadcf0d697872f,e3b0c44298fc1c149afbf4c8996fb92427ae41e4649b934ca495991b7852b855
final-calls,call-5,character-gate,deepseek-ai/DeepSeek-V4-Flash-0731,deepseek-ai/DeepSeek-V4-Flash-0731,0,2048,200,,stop,1408,22,1430,8.844000000000001e-05,2815.5741379999963,2815.513626999993,,0021236522e53183c1c5397223395ea0113d18d3459a8ac9a745a814f5bc022f,87fd6b56729d9e1a18202da93f3070264a410ea431a58ef942c222e5e219a757
final-calls,call-6,character-body,deepseek-ai/DeepSeek-V4-Flash-0731,deepseek-ai/DeepSeek-V4-Flash-0731,0,2048,200,,stop,1010,13,1023,6.294e-05,1915.006085000001,1914.2052640000038,1914.5125629999966,a2784263039747ec6c1042411c60b278f04a6d44ef16a679e3430a64323b2228,65e78c7b27bccf8bae7382919fcbf8bc86b487a93c8cd6932f346fba3872e0e2
final-calls,call-9,memory-semantic,zai-org/GLM-5.3-Flash,zai-org/GLM-5.3-Flash,0,2048,200,,stop,243,57,300,3.2475e-05,1616.7858219999907,1616.6986109999998,,20cfde1cdcfd7caafeeb8990209c63595c3984da490c3792c8ee495178300133,79e6b9a2fa6104c3a81f067ba53f140b1dca5ec8b03d83d6e9e549d61794d8f6
final-calls,call-19,character-gate,deepseek-ai/DeepSeek-V4-Flash-0731,deepseek-ai/DeepSeek-V4-Flash-0731,0,2048,200,,stop,1494,18,1512,4.68e-05,720.4298069999932,720.3827590000001,,0b32320f1ac500dda33d00b6d2c75ce48b3eee35782e32e1859b680ba732cca6,c9220959c1fd384a6ea927ceb6b930a53097665eb3887080afa848c0b1df6ac9
final-calls,call-24,character-body,deepseek-ai/DeepSeek-V4-Flash-0731,deepseek-ai/DeepSeek-V4-Flash-0731,0,2048,200,,stop,1096,13,1109,4.506e-05,1164.4334799999924,1163.975736999986,1164.1288619999978,3d90f631f979d639eb7835ab5523384ebb8cbcf0ae6ab2f2c9d790ad24d3958f,b8a48ca642364d76120d98e2375f42b515c736f64eeda5eba6204785cea40592
final-calls,call-31,character-gate,deepseek-ai/DeepSeek-V4-Flash-0731,deepseek-ai/DeepSeek-V4-Flash-0731,0,2048,200,,stop,1610,22,1632,5.448e-05,857.2869209999917,857.2471409999998,,5f7b4286abbb7206f3bc7b167d29943901ed3677cd8419d104e677cb2e73444d,87fd6b56729d9e1a18202da93f3070264a410ea431a58ef942c222e5e219a757
final-calls,call-36,character-body,deepseek-ai/DeepSeek-V4-Flash-0731,deepseek-ai/DeepSeek-V4-Flash-0731,0,2048,200,,stop,1212,23,1235,4.2300000000000005e-05,1589.5371310000046,1072.666763000001,1498.8453930000105,408db119317b6b643bac664726e3da4901fb0d2c9c005cf0795b828e7b67bcb3,41756f4910ee4fb6c1f54b9d7169298aa3fe177b76f971001b8ce00acbe50a7b
final-calls,call-38,memory-semantic,zai-org/GLM-5.3-Flash,zai-org/GLM-5.3-Flash,0,2048,200,,stop,298,110,408,4.985e-05,4495.571641000002,4495.525768999985,,d0523d8ff18a30a101db4894dd887824a297ded819fb98c5322cf7fbb1a9d769,ea3f0e3e93e6a9d80fd87bf957425d1324da89dccdb2c0a6ec2e248cc9f9d845
final-calls,call-45,character-gate,deepseek-ai/DeepSeek-V4-Flash-0731,deepseek-ai/DeepSeek-V4-Flash-0731,0,2048,200,,stop,1462,18,1480,4.4880000000000004e-05,1502.404018000001,1502.364905000024,,410eb3de24ec48b6257cb03ee0f27f23226913c5778509d6c93015f5581ca7da,c9220959c1fd384a6ea927ceb6b930a53097665eb3887080afa848c0b1df6ac9
final-calls,call-48,character-body,deepseek-ai/DeepSeek-V4-Flash-0731,deepseek-ai/DeepSeek-V4-Flash-0731,0,2048,200,,stop,1064,33,1097,3.522e-05,1951.2851309999824,1029.0206849999959,1336.8158349999867,d72d381829a0e787a4d31176d7f84acefab047b3823e20437f6eb2f7fbd6d9d6,3a846a98a6462be48e28f511ef836e6310b46a4e9c0ab86a958c37e61b9510de
final-calls,call-51,character-gate,deepseek-ai/DeepSeek-V4-Flash-0731,deepseek-ai/DeepSeek-V4-Flash-0731,0,2048,200,,stop,1408,22,1430,4.236e-05,769.6014750000031,769.5625369999907,,cb56a45fb229b906cdb789cc1f264f03985c1ccd404f7e8049d0272201445de4,87fd6b56729d9e1a18202da93f3070264a410ea431a58ef942c222e5e219a757
final-calls,call-52,character-body,deepseek-ai/DeepSeek-V4-Flash-0731,deepseek-ai/DeepSeek-V4-Flash-0731,0,2048,200,,stop,1010,21,1031,6.438e-05,4114.406397000013,3860.3092269999906,4064.466397000011,533b177abf15debf0502b5cff071e257ccdb71017bb9c2cd6146671af888d706,757f669f6c72be428ffdc9fa071dcc63316b37e85ff62d91fd4de6a4dd43f21f
final-calls,call-55,memory-semantic,zai-org/GLM-5.3-Flash,zai-org/GLM-5.3-Flash,0,2048,200,,stop,244,59,303,3.305e-05,1868.8514430000214,1868.802611000021,,61b708f231bdcf66fdb3ce0aeeaf974bd5c84dfeedeeb30a2840f66f0ac8ad28,a1819999f72ae139c2a6083d383b640f1051b73913b979f6e3741b21af884a0e
final-calls,call-65,character-gate,deepseek-ai/DeepSeek-V4-Flash-0731,deepseek-ai/DeepSeek-V4-Flash-0731,0,2048,200,,stop,1496,18,1514,4.692e-05,1465.5448329999927,1465.509102000011,,927ea0850004914093edc6f3dd1e401413434ab888c582f5bfb352c2c71d76a8,c9220959c1fd384a6ea927ceb6b930a53097665eb3887080afa848c0b1df6ac9
final-calls,call-70,character-body,deepseek-ai/DeepSeek-V4-Flash-0731,deepseek-ai/DeepSeek-V4-Flash-0731,0,2048,200,,stop,1098,13,1111,4.518e-05,959.9127410000074,959.6214219999965,959.7292669999879,34b9e4c2a8cb4b3d9de04ecb9432f0cde8559ec7666c626ec6be99666969b3e4,019c838760a25cc90d674361e4700f1c5c7795351a7e40f9292ba89872ea5ce7
final-calls,call-77,character-gate,deepseek-ai/DeepSeek-V4-Flash-0731,deepseek-ai/DeepSeek-V4-Flash-0731,0,2048,200,,stop,1615,22,1637,5.478e-05,993.1845310000062,993.1452189999982,,e4e11f13b303d36bccdc025c2280ab0aea6ec080c16cdf7caeff5ea263eb3dcf,87fd6b56729d9e1a18202da93f3070264a410ea431a58ef942c222e5e219a757
final-calls,call-82,character-body,deepseek-ai/DeepSeek-V4-Flash-0731,deepseek-ai/DeepSeek-V4-Flash-0731,0,2048,200,,stop,1217,46,1263,4.674e-05,1775.0558310000051,870.5399829999951,957.6186140000063,dc122af054a765b7e732c247f06b9a773679efb9ea2e382a5a65ee182097e004,a813fbf6ce1d489661c65a28add9fd399124aaf8768b5f8df02d0b84b791ade9
final-calls,call-84,memory-semantic,zai-org/GLM-5.3-Flash,zai-org/GLM-5.3-Flash,0,2048,200,,stop,305,128,433,5.4875e-05,3280.202629999985,3280.1554979999783,,f98127d7ea2732d6da900bad7d235f72dafdcb7360df632bfd8933cc5c09788a,cc7c8b5bab6a67e8ca8c5376eaeaedabfc02e22b848fd1cb9e2d9ed6d705f6fe
final-calls,call-91,character-gate,deepseek-ai/DeepSeek-V4-Flash-0731,deepseek-ai/DeepSeek-V4-Flash-0731,0,2048,200,,stop,1462,18,1480,4.4880000000000004e-05,1083.227921999991,1083.1723559999955,,533b0d617fe0bc9eb908f3c3c6ce1d02583f1ef5336a84380d5031bc39ac85d3,c9220959c1fd384a6ea927ceb6b930a53097665eb3887080afa848c0b1df6ac9
final-calls,call-94,character-body,deepseek-ai/DeepSeek-V4-Flash-0731,deepseek-ai/DeepSeek-V4-Flash-0731,0,2048,200,,stop,1064,36,1100,3.576e-05,1350.0503699999826,693.8084509999899,1349.5432129999972,78457d01e61b33ac1f350362c8f74503588a25f8c6230b80a5ac857df5cde000,463d6d6474ae9aa554d9ddfc7a79775b4450fdf5ea21cc9357ef1de01da94757
final-calls,call-97,character-gate,deepseek-ai/DeepSeek-V4-Flash-0731,deepseek-ai/DeepSeek-V4-Flash-0731,0,2048,200,,stop,1410,22,1432,4.248e-05,1858.9344479999854,1858.8946949999954,,48244e4a2573338df96b4b9074fa86b7b810458171225f2d78c96f591df8a0b7,87fd6b56729d9e1a18202da93f3070264a410ea431a58ef942c222e5e219a757
final-calls,call-98,character-body,deepseek-ai/DeepSeek-V4-Flash-0731,deepseek-ai/DeepSeek-V4-Flash-0731,0,2048,200,,stop,1012,24,1036,3.0480000000000003e-05,851.4501619999937,745.26933499999,757.6484620000119,68fa5ea41a50cc621026ed381288b899b8349fa16fb5755174b1856e0062493d,9b08b4332e0e999d2fc754790ca55e53a5e656fa3ac7963505d46bcf099220f4
final-calls,call-101,memory-semantic,zai-org/GLM-5.3-Flash,zai-org/GLM-5.3-Flash,0,2048,200,,stop,245,69,314,3.5625e-05,2174.8774490000214,2174.8272850000067,,77009e590c183dd3c1829632072f9fd151abf73f325053db98e5b7a6e5477c08,c972fa2dea08dfa319bec54f188021aa3f11c38b5559de933bf9768b37f4d073
final-calls,call-111,character-gate,deepseek-ai/DeepSeek-V4-Flash-0731,deepseek-ai/DeepSeek-V4-Flash-0731,0,2048,200,,stop,1495,18,1513,4.686e-05,1743.0967349999992,1743.0652999999875,,523d73851bbaf2c2c43156c64c4ce396bc9ea6e641b89fad0ae3c2d69286fa8d,c9220959c1fd384a6ea927ceb6b930a53097665eb3887080afa848c0b1df6ac9
final-calls,call-116,character-body,deepseek-ai/DeepSeek-V4-Flash-0731,deepseek-ai/DeepSeek-V4-Flash-0731,0,2048,200,,stop,1097,21,1118,3.504e-05,1193.6374329999962,1037.6492480000015,1121.9241909999982,e9072d499da5d757469c10de71992cb725d7d719121b46090c6c8238cef99b5b,0adc5c4fa4709796d920910c4b196fff900ee98bf5ec0cbcc36cef2881bed30f
final-calls,call-123,character-gate,deepseek-ai/DeepSeek-V4-Flash-0731,deepseek-ai/DeepSeek-V4-Flash-0731,0,2048,200,,stop,1621,22,1643,5.514e-05,1746.9739249999984,1746.931693999999,,82a9080f64d2efff42dd76dc9314e7f468348cca7355e3691d810292f5379257,87fd6b56729d9e1a18202da93f3070264a410ea431a58ef942c222e5e219a757
final-calls,call-128,character-body,deepseek-ai/DeepSeek-V4-Flash-0731,deepseek-ai/DeepSeek-V4-Flash-0731,0,2048,200,,stop,1223,29,1252,4.404e-05,1428.2237690000038,952.2704180000001,1237.787507000001,15207993c5083355c7d7ce7da90bbefa03128f993009fdef8ee89075afa415f2,3b3801c1a79e91cb8147a3c7d271e2e161fc3d0b9a5217e80f17db680b7e2648
final-calls,call-130,memory-semantic,zai-org/GLM-5.3-Flash,zai-org/GLM-5.3-Flash,0,2048,200,,stop,308,133,441,5.635e-05,2574.1487709999783,2574.106488999998,,fba7b2bec1d63637d91f3782bb95dfec4d4b40bc39e086d189e871f77375823d,6c5beb9b887b109c245d4442a301d6c2fee43cf5a3db2ac5e09a7d315f1cd41d
final-calls,call-137,character-gate,deepseek-ai/DeepSeek-V4-Flash-0731,deepseek-ai/DeepSeek-V4-Flash-0731,0,2048,200,,stop,1469,18,1487,4.53e-05,1016.598152999999,1016.5453700000071,,850b8949c6093b6555879608211e23b24e2eb86f5270fac91d54984d4101255f,c9220959c1fd384a6ea927ceb6b930a53097665eb3887080afa848c0b1df6ac9
final-calls,call-140,character-body,deepseek-ai/DeepSeek-V4-Flash-0731,deepseek-ai/DeepSeek-V4-Flash-0731,0,2048,200,,stop,1071,53,1124,7.38e-05,2510.3409700000193,907.0996160000213,1120.7882280000194,c9b84e756757033418b44ae0ce6a82798f778fb6f61e119db1af5b44d63e78a4,509f1143dad2ef5fed28207a538afc96ac9dcb460072a5829e5b0070b4f60a94
final-calls,call-145,character-gate,deepseek-ai/DeepSeek-V4-Flash-0731,deepseek-ai/DeepSeek-V4-Flash-0731,0,2048,200,,stop,1544,18,1562,4.98e-05,973.12836100001,973.095965000015,,4495ea16d93175556938143739cc13c575b1ca1ed732140ec0098672748ddb10,c9220959c1fd384a6ea927ceb6b930a53097665eb3887080afa848c0b1df6ac9
final-calls,call-148,character-body,deepseek-ai/DeepSeek-V4-Flash-0731,deepseek-ai/DeepSeek-V4-Flash-0731,0,2048,200,,stop,1146,96,1242,5.1479999999999995e-05,3824.9058439999935,634.5823119999841,1064.3264199999976,1d306a888b95c6b34ad31ade71ae6b5edd56b0b41bd2a9c7cff813fbe7620eca,10ba5b8b5beedd6d0712b634b52927c58969801fcd8b4cdbb34ab11580bc46a5
final-calls,call-153,character-gate,deepseek-ai/DeepSeek-V4-Flash-0731,deepseek-ai/DeepSeek-V4-Flash-0731,0,2048,200,,stop,2028,18,2046,7.883999999999998e-05,2961.8958239999774,2961.8561899999913,,2016272cbea156e2cce1eb8716524cef15d030962c1443f57788cb60026931cf,415b38f0061970394304a19e15006f31a60036beda5e27ae5700c2e25e2cdc1a
final-calls,call-156,character-body,deepseek-ai/DeepSeek-V4-Flash-0731,deepseek-ai/DeepSeek-V4-Flash-0731,0,2048,200,,stop,1630,202,1832,9.96e-05,2805.812877999997,798.9309030000004,888.9689639999997,dc8ee431b495f2520c9e7d6fe4f9fcc8ae319c2af138a2bfc1a20058a77437fc,e43920618cf4b8127e72efa25fd50cbc1d9dfc61385f201c58f6f7fb61bd5f0c
final-calls,call-161,character-gate,deepseek-ai/DeepSeek-V4-Flash-0731,deepseek-ai/DeepSeek-V4-Flash-0731,0,2048,200,,stop,1456,18,1474,4.452e-05,1236.4878529999987,1236.4476309999882,,f50f4df06555ee15945ea5580a9241bcc7abee1eb0f3d34a33e77c5f5c085881,c9220959c1fd384a6ea927ceb6b930a53097665eb3887080afa848c0b1df6ac9
final-calls,call-164,character-body,deepseek-ai/DeepSeek-V4-Flash-0731,deepseek-ai/DeepSeek-V4-Flash-0731,0,2048,200,,stop,1058,36,1094,3.54e-05,1069.144558,635.2949559999979,723.1808979999914,5334f8b7c60df24120ba5fb697b55c2f5477932586e3dfbe2177b106744fc6ca,e72d7764b603a6f80c653f1bb74709ea07c6e2d5e998ac6a692decf88bde67d3
final-calls,call-167,character-gate,deepseek-ai/DeepSeek-V4-Flash-0731,deepseek-ai/DeepSeek-V4-Flash-0731,0,2048,200,,stop,1408,22,1430,8.844000000000001e-05,1873.6438609999896,1873.6049249999924,,308e00b25b4f04e087cfd0fe4b5f1985fc3e57c6bf6f7285f903bf1c4ebb576c,87fd6b56729d9e1a18202da93f3070264a410ea431a58ef942c222e5e219a757
final-calls,call-168,character-body,deepseek-ai/DeepSeek-V4-Flash-0731,deepseek-ai/DeepSeek-V4-Flash-0731,0,2048,200,,stop,1010,13,1023,2.8380000000000003e-05,912.6445519999834,661.6491479999968,867.735829000012,0bfb84d57373a99aedcfb2d11c9e53caf06b59567ab14309d8ad283e7a7b364a,65e78c7b27bccf8bae7382919fcbf8bc86b487a93c8cd6932f346fba3872e0e2
final-calls,call-171,memory-semantic,zai-org/GLM-5.3-Flash,zai-org/GLM-5.3-Flash,0,2048,200,,stop,243,57,300,3.2475e-05,1254.2214619999868,1254.1806510000024,,20cfde1cdcfd7caafeeb8990209c63595c3984da490c3792c8ee495178300133,79e6b9a2fa6104c3a81f067ba53f140b1dca5ec8b03d83d6e9e549d61794d8f6
final-calls,call-177,character-gate,deepseek-ai/DeepSeek-V4-Flash-0731,deepseek-ai/DeepSeek-V4-Flash-0731,0,2048,200,,stop,1406,22,1428,8.832000000000001e-05,1159.3165200000221,1159.2788090000104,,a1e83b6fb95aea84fb0761e4b8c13d7327e6b4fc1065b0b7018ca0d59133b148,87fd6b56729d9e1a18202da93f3070264a410ea431a58ef942c222e5e219a757
final-calls,call-178,character-body,deepseek-ai/DeepSeek-V4-Flash-0731,deepseek-ai/DeepSeek-V4-Flash-0731,0,2048,200,,stop,1008,15,1023,2.862e-05,1815.3520669999998,1815.116664000001,1815.2071299999952,1649882588a8443b00bc369ffffd81bf55884b4ef8763412e95676d0c4dbf975,d6d3e9ef86f5883fe7a940a4f3514cfc7efc29728d899d5873bc42265acb1530
final-calls,call-181,memory-semantic,zai-org/GLM-5.3-Flash,zai-org/GLM-5.3-Flash,0,2048,200,,stop,238,47,285,2.96e-05,1197.3701890000084,1197.330845999997,,7d2e2d21318300d63504e93ccc5eecda409fe34d6900422216b0de199c9c1788,8d57fb65f28d2ea5320e4593755d9bff4d0ac95a770f558ffc93671b71cdc60c
final-calls,call-191,character-gate,deepseek-ai/DeepSeek-V4-Flash-0731,deepseek-ai/DeepSeek-V4-Flash-0731,0,2048,200,,stop,1589,22,1611,5.322e-05,1376.6583939999982,1376.6190599999973,,0c3197797bc19e4e225e8bb4513696935718f4f66d2c677908593539fc4eed8f,87fd6b56729d9e1a18202da93f3070264a410ea431a58ef942c222e5e219a757
final-calls,call-196,character-body,deepseek-ai/DeepSeek-V4-Flash-0731,deepseek-ai/DeepSeek-V4-Flash-0731,0,2048,200,,stop,1191,21,1212,4.068e-05,1423.8979099999997,639.4182429999928,1423.6499290000065,367b69fb8cdb0d495487b97706b7d8f08c467a8382a34e39571a13e894a42148,673657c96f396f9dc0e1f52aabc00253df947878f2dc0fc1d05e864f09e3390b
final-calls,call-199,memory-semantic,zai-org/GLM-5.3-Flash,zai-org/GLM-5.3-Flash,0,2048,200,,stop,288,75,363,4.0350000000000005e-05,2135.7308600000106,2135.6836550000007,,9b8f08d518c1916564c3f43b9c7a1ee246379c004d4fba214f538eb2379e5e83,78723f9756387a482430e0ae129bb37d56cc5e5f0965e8fea06878fa5ae95dc4
final-calls,call-213,character-gate,deepseek-ai/DeepSeek-V4-Flash-0731,deepseek-ai/DeepSeek-V4-Flash-0731,0,2048,200,,stop,1576,18,1594,9.78e-05,5484.110560000001,5484.072843000002,,86157149c69598dd933dfc05926c154ae9432b3fa2f4b59c9200e08c53c0baca,c9220959c1fd384a6ea927ceb6b930a53097665eb3887080afa848c0b1df6ac9
final-calls,call-222,character-body,deepseek-ai/DeepSeek-V4-Flash-0731,deepseek-ai/DeepSeek-V4-Flash-0731,0,2048,200,,stop,1178,93,1271,5.2860000000000006e-05,2340.783343999996,652.4781650000077,732.0289920000068,8cdf1e7126548b34a89623f2a3429c1433959d7c37816f097386a028f397d5b9,79ec1a2af3a763c6fc1d66379423269b24ca27accda3d60fdb868d31e57ae29a
receipt-calls,call-6,character-gate,deepseek-ai/DeepSeek-V4-Flash-0731,deepseek-ai/DeepSeek-V4-Flash-0731,0,2048,200,,stop,1687,18,1705,0.00010446,3116.784911999999,3116.6736519999995,,76fa5a0951d605d7c31df1e5ce2e072e93371ba846b39f6cd794dfc8c1795179,c9220959c1fd384a6ea927ceb6b930a53097665eb3887080afa848c0b1df6ac9
receipt-calls,call-11,character-body,deepseek-ai/DeepSeek-V4-Flash-0731,deepseek-ai/DeepSeek-V4-Flash-0731,0,2048,200,,stop,1289,77,1366,9.12e-05,2807.8671650000015,1072.7567760000002,1137.410788000001,2d3766a421025a62e368fc950674f049dcd21b74627f965c0f9cb3cdbd865d96,0e30bf1e1f6a109211b3a8acc69321a92bb6114b52865eb89a2132a5d7d7edab
receipt-calls,call-13,memory-semantic,zai-org/GLM-5.3-Flash,zai-org/GLM-5.3-Flash,0,2048,200,,stop,306,124,430,5.3950000000000004e-05,3072.231763,3072.1418159999994,,b5b205ad77cb7ee8b7eda5677c40de5c94a704034419feadccc142f375f88398,7cb2d982e166514c6d062f4f12247ee881cd743a63a82d64fbaa82e1aee27b57
receipt-calls,call-21,character-gate,deepseek-ai/DeepSeek-V4-Flash-0731,deepseek-ai/DeepSeek-V4-Flash-0731,0,2048,200,,stop,1565,18,1583,9.714000000000001e-05,3807.866324999999,3807.8024130000013,,a6e233194bae009e9fc7c6a96c5abb339dc570d77c114367ac563e074ae6f6b9,c9220959c1fd384a6ea927ceb6b930a53097665eb3887080afa848c0b1df6ac9
receipt-calls,call-26,character-body,deepseek-ai/DeepSeek-V4-Flash-0731,deepseek-ai/DeepSeek-V4-Flash-0731,0,2048,200,,stop,1167,66,1233,8.190000000000001e-05,2444.838567999999,1222.387909000001,2029.529190000001,51d92517b1745bd02d6173aab47ae8454664e32ffdbbf5d939cc3f8da255e4b9,1a18be1f73d15b23baf5eb3a006db58086539b9f5c281d850b935a8d386ef7c8
receipt-calls,call-31,character-gate,deepseek-ai/DeepSeek-V4-Flash-0731,deepseek-ai/DeepSeek-V4-Flash-0731,0,2048,200,,stop,1529,18,1547,4.89e-05,4181.643794999996,4181.603805000006,,79e62b83a4771d52fd7304d5610b06c3af5ce2dd8f32acc8cb7b957807518d5a,c9220959c1fd384a6ea927ceb6b930a53097665eb3887080afa848c0b1df6ac9
receipt-calls,call-34,character-body,deepseek-ai/DeepSeek-V4-Flash-0731,deepseek-ai/DeepSeek-V4-Flash-0731,0,2048,200,,stop,1131,57,1188,4.356e-05,5803.975944000005,1487.5711359999987,1487.7414890000073,34fdf16bd5c43cf84e1a4e25efbb8cac94dbabfe1484073168e65ed1bb58df42,c39c6a7611681fad4eec9e4d0141fc05924238a8b9f4249e09172358f6c5310f
restart-calls,call-4,character-gate,deepseek-ai/DeepSeek-V4-Flash-0731,deepseek-ai/DeepSeek-V4-Flash-0731,0,2048,200,,stop,1462,18,1480,4.4880000000000004e-05,2534.6781009999995,2534.539176,,b4dfe3e1b42966a9e1faa9eb200180755a0c1cf5aa00572d4bbc0db0e9dccb28,c9220959c1fd384a6ea927ceb6b930a53097665eb3887080afa848c0b1df6ac9
restart-calls,call-7,character-body,deepseek-ai/DeepSeek-V4-Flash-0731,deepseek-ai/DeepSeek-V4-Flash-0731,0,2048,200,,stop,1064,33,1097,3.522e-05,1704.3819039999998,623.1965880000007,1111.3652760000004,370cf1dbb02a4741dae0992ea3869794c6abaf33ab5a7b62f3f6388287241f9b,3a846a98a6462be48e28f511ef836e6310b46a4e9c0ab86a958c37e61b9510de
restart-calls,call-12,character-gate,deepseek-ai/DeepSeek-V4-Flash-0731,deepseek-ai/DeepSeek-V4-Flash-0731,0,2048,200,,stop,1462,18,1480,4.4880000000000004e-05,770.0748309999999,770.0070409999989,,bf8bb31e6d9f56e71856f257c516a631f9252ad5a82a2433081798d39ff51e91,c9220959c1fd384a6ea927ceb6b930a53097665eb3887080afa848c0b1df6ac9
restart-calls,call-15,character-body,deepseek-ai/DeepSeek-V4-Flash-0731,deepseek-ai/DeepSeek-V4-Flash-0731,0,2048,200,,stop,1064,45,1109,3.738e-05,1164.4079720000009,832.5714770000013,834.7018040000003,a75597de1955bcc1a4abd8de7e10aa3152ad0c9328b9b5ca41365a6ded0685dd,2ea71f31bf0c5fa193ce1671718b6416d3226aab2cc2d07e6510005a52550e8b
restart-calls,call-20,character-gate,deepseek-ai/DeepSeek-V4-Flash-0731,deepseek-ai/DeepSeek-V4-Flash-0731,0,2048,200,,stop,1469,18,1487,4.53e-05,1310.3703470000019,1310.3219010000012,,3ae66cce02ca1cd49aea57a2c2bfdd35d3d6fd48c9cad03d87a0a87eb4fe16ed,c9220959c1fd384a6ea927ceb6b930a53097665eb3887080afa848c0b1df6ac9
restart-calls,call-23,character-body,deepseek-ai/DeepSeek-V4-Flash-0731,deepseek-ai/DeepSeek-V4-Flash-0731,0,2048,200,,stop,1071,53,1124,3.9240000000000004e-05,1980.859078999998,1058.8260859999973,1263.107179999999,6ee1dbcb39be58db40f7085aa89ae52491b927a3113a604384b01f531c732e2e,509f1143dad2ef5fed28207a538afc96ac9dcb460072a5829e5b0070b4f60a94
restart-calls,call-30,character-gate,deepseek-ai/DeepSeek-V4-Flash-0731,deepseek-ai/DeepSeek-V4-Flash-0731,0,2048,200,,stop,1594,18,1612,5.28e-05,1307.18419,1307.1420749999997,,4f68cf22d725e337d2b8c6d58fa324b064c9507b1bec55386b82469d744ae75a,c9220959c1fd384a6ea927ceb6b930a53097665eb3887080afa848c0b1df6ac9
restart-calls,call-35,character-body,deepseek-ai/DeepSeek-V4-Flash-0731,deepseek-ai/DeepSeek-V4-Flash-0731,0,2048,200,,stop,1196,14,1210,3.972e-05,944.3763130000007,638.1781869999977,940.3219659999995,5095e40f11241267fc049f5c162cd1c306cbce3e8ef37de6d241d362c10b56e4,6bf8455e544b68c4d2438f30393b10f78a2aad298ef7bd576fc748daa0d46e69
