path,research_stage,lines,sha256
docs/future/00-artificial-person-north-star.md,第一阶段：思想、路线或设计合同,600,266afa3be05c6c7a7f03acffde3b1e2e86aeb433b38a010787feda333d18b0e0
docs/future/01-p8-identity-persona-relationship.md,第一阶段：思想、路线或设计合同,520,6fb93a842d93cefcf29bb0d135b474a3b77e3eb39cf1dcffdca22b3773bf0345
docs/future/02-character-abi-and-cognition-boundary.md,第一阶段：思想、路线或设计合同,214,d423be62b9d6ddd43ff5af236968e37afe47de849780cd59949479861d5e2bea
docs/future/03-temporal-substrate.md,第一阶段：思想、路线或设计合同,210,90a3057286561bccb79a8333ccf6e2ccfedcb2a44bfc410b8014d5116b7f7164
docs/future/04-continuity-and-attention.md,第一阶段：思想、路线或设计合同,221,09539631bb9683382220ffb470a6669dc39d9df76a6efdabcc351b1816fb3119
docs/future/05-character-harness-closure.md,第三阶段主要源码调查之后：审计、闭环及验收证据,57,2a65ff5a7c34340c210fdbf95ec1f47950111790bcf5a05ac7e8eb52e5c317b3
docs/future/05-character-harness.md,第一阶段：思想、路线或设计合同,249,d200525a686b884e70c4b6a60e588b0b224789302c7bf96499eedc4553dcc2b3
docs/future/06-cognition-and-capabilities-closure.md,第三阶段主要源码调查之后：审计、闭环及验收证据,94,eb3f5d0a6325b4e542c401f759309b19c0f49fe34ad051d638e25242a56ec25d
docs/future/06-cognition-and-capabilities.md,第一阶段：思想、路线或设计合同,220,33b4f2d35d66165263a96f126a1f6ba89b85f560e5cebd90c7c2b948c1703ed4
docs/future/07-embodied-agency.md,第一阶段：思想、路线或设计合同,190,078c61e2b32d468869ee12bac433ed04ca27df02cc193b7b82af25891ecb8efb
docs/future/08-character-post-training.md,第一阶段：思想、路线或设计合同,306,046637728c475d02a038c76e913c4460a0a682648f168f145d579a06eaccd397
docs/future/09-v0.1.3-platform-completion.md,第一阶段：思想、路线或设计合同,521,de43e082adc7627bdb11d4e740a9d4d00ee9a9e87f8599657cce43769d6f0a3c
docs/future/10-v0.1.4-people-profile.md,第一阶段：思想、路线或设计合同,351,58c9bf5e9b13acca343c50ba630508f2f59e1303ed594ce9e64b577e868e7cfe
docs/future/README.md,第一阶段：思想、路线或设计合同,191,9a2e25d710471c71be49ac5fedeac3d01eda99f3d3ef697fca981e5cef19b3d8
docs/future/YUVI_BEHAVIOR_EVAL.md,第一阶段：思想、路线或设计合同,457,ea374742da98aab0a8a6a26ef2fd8b300a6ba46c464f27d33606602d05d01045
docs/future/YUVI_BEHAVIOR_SPEC.md,第一阶段：思想、路线或设计合同,329,d2902f38492b58f92a9f03139aaefc71a2a5d39e8b0eeecc6a16b8231004f9cb
docs/future/YUVI_OPERATIONAL_LANDING_AUDIT.md,第三阶段主要源码调查之后：审计、闭环及验收证据,203,3d80182733706be0c67772b61b5ec30e69c1c48daf9a4969ccf06240442ed65f
docs/future/YUVI_PREFERENCE_DATASET.md,第一阶段：思想、路线或设计合同,461,5d67727c07d4568840082846f8b3f66b956246aaf80b28d7c75cfe3945f3a4c4
docs/future/a10.1-grounded-memory-roadmap.md,第一阶段：思想、路线或设计合同,394,ea3c17df36aa8617bcac14e0d571a4d170ea20648a3a279091dfd6550ee7c106
docs/future/a10.1f-profile-materialization-contract.md,第一阶段：思想、路线或设计合同,885,55b4afc6b10bd8f0725369e1607915eb2ab72dd037156bce930964b135b69a99
docs/future/a10.1f2-profile-freshness-contract.md,第一阶段：思想、路线或设计合同,646,a23896263d79e6396113169e092c1bd0d1601f4222c4b551db5fb2704c6f0a22
docs/future/a12.1-snowluma-contract.md,第一阶段：思想、路线或设计合同,173,0ef220eccf9aa34f043f236d2468ee8cf06acee30a661036993c822c87c192c9
docs/future/a8.2-ingress-closure.md,第三阶段主要源码调查之后：审计、闭环及验收证据,357,82ec19bf705a181b14b0dd675d8cc8f9bc93bb1da02246b999bb6667692a8d11
docs/future/astra5-linux-release-evidence.md,第三阶段主要源码调查之后：审计、闭环及验收证据,88,8daf1f4bd3aad6d822ae52031366c078e13751d02aaccdc44b9737b1297794d9
docs/future/atoms/01-windows-quit-lifecycle-fix.md,第一阶段：思想、路线或设计合同,109,a05ee20843dd90cd28390fab6f22f1e8c604397cbbbaa6eba10823d091cf1f7a
docs/future/atoms/02-semantic-tray-e2e.md,第一阶段：思想、路线或设计合同,97,505554457e150ccb2f7f7be55ef321858af3ad739b4f0bb957b6f9b048b2c257
docs/future/atoms/03-desktop-surface-foundation.md,第一阶段：思想、路线或设计合同,198,da0f842b9a977bf200a17badfbb758d642fdb81f616ac763a0f43d6d2442cc27
docs/future/atoms/04-webui-surface.md,第一阶段：思想、路线或设计合同,121,82f662b7c694543ea885108591a4ea167869b5bbf17772767a8eb88c5cacbf71
docs/future/atoms/05-app-data-cache-roots.md,第一阶段：思想、路线或设计合同,199,4bdf209355c506aa9f477c0350b4d74257492b8e8fe81dcd39016e7eb44dd43d
docs/future/atoms/06-character-interaction-contract.md,第一阶段：思想、路线或设计合同,135,f779060b04eb35ca8fe0015fa7644ff7a4e853f9355672d4b9b6636cf3b73c4c
docs/future/atoms/07-runtime-character-outcome-cognition.md,第一阶段：思想、路线或设计合同,110,f73c5c225dfd98ba513b7e38d32d3c9a47f1a16f4c8854ec3a8edfc290cb525e
docs/future/atoms/08-runtime-proactive-policy.md,第一阶段：思想、路线或设计合同,135,115b6c2b1b02e12989b099e69e1897dabfe310b2e29cbcd965a2975759031824
docs/future/atoms/09-speaker-aware-stt-input.md,第一阶段：思想、路线或设计合同,169,68377556b2ae188001e98494df4b7d2a67c55548dd937eacdb795dc9ff585240
docs/future/atoms/10-proactive-provider-scheduler.md,第一阶段：思想、路线或设计合同,141,ad3e7679274307e717af214a8f08fb13841198b06ab1feb3eb4b2c491bc3b41c
docs/future/atoms/11-p8-main-profile.md,第一阶段：思想、路线或设计合同,97,dffbf906dbf4d3a0e87ca83f5107a577e3e372c752cb471d62416cacf879e962
docs/future/atoms/12-memory-multispeaker-provenance.md,第一阶段：思想、路线或设计合同,131,b6a849da64970da401eb0974e2e0a406726b0bbc8ef46de8724ca9094a3204d1
docs/future/atoms/13-voice-identity.md,第一阶段：思想、路线或设计合同,177,e0a2c072dfd59f903c90f2991fb683e28416cf15f9a3b0518e312d9d82885794
docs/future/atoms/14-voice-mode-barge-in.md,第一阶段：思想、路线或设计合同,175,9c5c40ba749c3863455a730994f5a855c7944fd048daaf8c32f227acff613505
docs/future/atoms/15-vision-character.md,第一阶段：思想、路线或设计合同,216,16a3942e5af8c594f94db3df731081c7438f7dc11586b9e2e6e596d5ad9de98c
docs/future/atoms/16-provider-fallback-ux.md,第一阶段：思想、路线或设计合同,103,7b599c270fa00d7edfacaecb728aa2ce848626dcb7e69a054dcb4677a85657e5
docs/future/atoms/17-output-language.md,第一阶段：思想、路线或设计合同,126,78150404bf6e70efdb05988a92842852d9a0b711cc891565c97bce278d2290d2
docs/future/atoms/18-subtitle-surface.md,第一阶段：思想、路线或设计合同,110,7bb2b99f8f1a8d0f560d9de6a51dbfcd7de6a500c090e2f92fac05e544d65889
docs/future/atoms/19-companion-advanced-presentation.md,第一阶段：思想、路线或设计合同,113,44e008e8ebf047d36e85b0f7b8baca358aa9ca8f816ad3bc09f14096920d22e0
docs/future/atoms/20-live2d-calibration.md,第一阶段：思想、路线或设计合同,75,280c1274f76bc5d956359595a2452d1b04ef88ff61a4a9ee2cebef33b328d05c
docs/future/atoms/21-linux-cachyos-deployment.md,第一阶段：思想、路线或设计合同,109,d389d32e622df44073e481508cd449c533a81d8e200ddc2af2de30cf17d99dbc
docs/future/atoms/README.md,第一阶段：思想、路线或设计合同,411,47c293997d34453bee7de8e2aad19b646d1250f2d3babdecc7a396edf9aa294f
docs/future/authority.md,第一阶段：思想、路线或设计合同,62,f94c2da1e06c630c4e7b5df4291720fab9be474ce10e706aec742da95d75db61
docs/future/campaign-a-closure.md,第三阶段主要源码调查之后：审计、闭环及验收证据,91,d558a0762afa060024564d081a5f875695c6a9531ea984112b85c51c9e1978c1
docs/future/campaign-b-closure.md,第三阶段主要源码调查之后：审计、闭环及验收证据,54,913945e746b080dd52e6f5024f1b9c3fd32789b3f9b0d6153d79fd5e1478cc6b
docs/future/campaign-c-closure.md,第三阶段主要源码调查之后：审计、闭环及验收证据,107,3b655fdd7435bf407b4c4ce56410285898efe1d575e64c5ab6d5e598e45ea4c5
docs/future/campaign-d-closure.md,第三阶段主要源码调查之后：审计、闭环及验收证据,73,de7f6107d229ce2de22fc7076d2a0db445d67ca1cb42aa2129ae8c8b6d035bb4
docs/future/campaign-e-visual-grounding.md,第三阶段主要源码调查之后：审计、闭环及验收证据,40,8897c8cab9f570fd5ae8d0c56eba6cced673d47278f781ab0c06a8e5c9218fb0
docs/future/campaign-f-presentation.md,第三阶段主要源码调查之后：审计、闭环及验收证据,131,41ad4f44a39b13c496184b4345ded1cad0250cd2847b13862b7d5a0bf50d6ad8
docs/future/campaign-g-linux.md,第三阶段主要源码调查之后：审计、闭环及验收证据,88,8b7354162ed651848f4184265ec4357d1bf5eb5f30a6812c5dc88f1954f55285
docs/future/campaign-h-closure.md,第三阶段主要源码调查之后：审计、闭环及验收证据,188,897c7c6f339df05d289e6220c27d243d0ecc11adde4bef68ffadb5059baf5cf4
docs/future/campaign-i-closure.md,第三阶段主要源码调查之后：审计、闭环及验收证据,183,2e575dbeae95cba38528174e1172e2a65780893145257720c71dbf899e3b3454
docs/future/embodiment.md,第一阶段：思想、路线或设计合同,11,8cfb23251ae274488465cbd8e0a795b1a2f7ffa33d3359154142197d01625c13
docs/future/evidence/campaign-i/README.md,第三阶段主要源码调查之后：审计、闭环及验收证据,7,7438d3de710a88583d910c9ef453fbdecbf3c3638c050f62d7011ae3f7c5134c
docs/future/evidence/campaign-i/hibernation-live-accept.md,第三阶段主要源码调查之后：审计、闭环及验收证据,11,254b2b53ad795b18d37de0ffead69ac903524825933bdc7f4825c1e5dc6e2447
docs/future/evidence/campaign-i/live-tts-promotion.md,第三阶段主要源码调查之后：审计、闭环及验收证据,11,b9e5a70fc21de7dfba8c04ebf2b394d17d309da2abc772b7e8e09a4e9c1304f9
docs/future/evidence/linux-release-gate/local-model-boundary-audit.md,第三阶段主要源码调查之后：审计、闭环及验收证据,10,237003fa13a997b9274f6faaad0055572f848f40e483279082f8f4086128d656
docs/future/frontend-execution-policy.md,第一阶段：思想、路线或设计合同,159,7261bd698bdc33f622bb9dc31e61cbc8072db8ccf78cf60f26521607fdd172e0
docs/future/identity-and-provenance.md,第一阶段：思想、路线或设计合同,27,51bff40d692d8e333439d39fe015790a4a2cb428075dbbc1e607b29a12642be2
docs/future/implementation-baseline.md,第三阶段主要源码调查之后：审计、闭环及验收证据,151,1396151f01b627bbf417c99423bee1f1e1e04708b4007409491297000c7f7205
docs/future/life-event-journal.md,第一阶段：思想、路线或设计合同,122,836f4fbf55aefdfa492d0c6491ea7b0ba671fe35c087e495692f6857b5f9cd7b
docs/future/linux-release-gate-closure.md,第三阶段主要源码调查之后：审计、闭环及验收证据,78,87076f697101321237b7649f055c1bfe9a89441addfc0065a9e44d86503b77e9
docs/future/measured-consolidation.md,第一阶段：思想、路线或设计合同,38,49c242b091fa0d406e6037681df903f4cb0bf8390cc88907729f2109a3a126bb
docs/future/memory-and-lineage.md,第一阶段：思想、路线或设计合同,65,b31377d55462ff55a4e5d28b87c42cdf215268f0e552a95730d97d5dc2ac6db7
docs/future/model-replacement.md,第一阶段：思想、路线或设计合同,18,9413985e2b2b607551df2f8b2deaf1b2135ece88b36103f5774f4c3e8392f681
docs/future/north-star.md,第一阶段：思想、路线或设计合同,15,9cdb8133994337e98f233f32d7a0646e576a2898209d58828e92e08000824f08
docs/future/p8-ownership.md,第一阶段：思想、路线或设计合同,35,a5ae641411aea89e70284b8c19dd467b23d534e33fb032a18b8045a19d96684e
docs/future/post-v0.1.3-roadmap.md,第一阶段：思想、路线或设计合同,410,5dc2245a2c6523e4df7c2a5c6a203149611a1f1090c5c7a74a5e518d877c791a
docs/future/production-reachability.md,第三阶段主要源码调查之后：审计、闭环及验收证据,129,1d774de51ef209c8a91ef11cae6a61a92ccd269a3490847bd34f786659b9a07f
docs/future/prospective-continuity.md,第一阶段：思想、路线或设计合同,22,436affadf049b93404efd2aa71bd7f3cdb1871de564db80f95cb1d33fd0e04c8
docs/future/research-methodology.md,第一阶段：思想、路线或设计合同,72,07626c28137ece90963e527f6d176d2a495941ec426d29f589771a2edfda627d
docs/future/selection-research.md,第一阶段：思想、路线或设计合同,37,df05c7be682a744ce84e864b92b4cfe964b73371cd29bbb69d865fd471ae8bc7
docs/future/v0.1.3-authority-effect-context-architecture-freeze.md,第一阶段：思想、路线或设计合同,412,230934e96e775a00ba0e45a502ad4affeb92131138c5ab7593795a29d4c43ef5
docs/future/version-roadmap.md,第一阶段：思想、路线或设计合同,318,aff84d737dbc1503fd4d0d93013bc794274a5901bec7872631f8bc0ced95ff4b
