run,trace,phase,requested_model,returned_model,temperature,max_tokens,message_roles,input_characters,http_status,latency_ms,input_tokens,output_tokens,total_tokens,cached_input_tokens,estimated_cost_usd,finish_reason,transport_error,fallback
controlled-before,wire-0.json,A:history-correction:trial-0:direct,deepseek-ai/DeepSeek-V4-Flash-0731,deepseek-ai/DeepSeek-V4-Flash-0731,0,2048,"system,user,assistant,user,assistant,user,assistant,user,assistant,user,assistant,user,assistant,user,assistant,user",2488,200,6441.278772,611,32,643,512,1.938e-05,stop,,none configured
controlled-before,wire-1.json,A:history-correction:trial-0:production-character,deepseek-ai/DeepSeek-V4-Flash-0731,deepseek-ai/DeepSeek-V4-Flash-0731,0,2048,"system,user",4477,200,1278.3377719999999,1210,18,1228,512,5.28e-05,stop,,none configured
controlled-before,wire-10.json,A:long-code:trial-0:production-character,deepseek-ai/DeepSeek-V4-Flash-0731,deepseek-ai/DeepSeek-V4-Flash-0731,0,2048,"system,user",2116,200,18594.92970699999,522,2048,2570,256,0.00038844000000000004,length,,none configured
controlled-before,wire-11.json,A:long-code:trial-0:counterfactual-without-character-gate,deepseek-ai/DeepSeek-V4-Flash-0731,deepseek-ai/DeepSeek-V4-Flash-0731,0,2048,"system,user",1163,200,17972.270281999998,315,2048,2363,0,0.00038754,length,,none configured
controlled-before,wire-12.json,A:history-correction:trial-1:direct,deepseek-ai/DeepSeek-V4-Flash-0731,deepseek-ai/DeepSeek-V4-Flash-0731,0,2048,"system,user,assistant,user,assistant,user,assistant,user,assistant,user,assistant,user,assistant,user,assistant,user",2488,200,1199.1980269999913,611,32,643,512,1.938e-05,stop,,none configured
controlled-before,wire-13.json,A:history-correction:trial-1:production-character,deepseek-ai/DeepSeek-V4-Flash-0731,deepseek-ai/DeepSeek-V4-Flash-0731,0,2048,"system,user",4477,200,3075.905780000001,1214,18,1232,512,5.3039999999999994e-05,stop,,none configured
controlled-before,wire-14.json,A:history-correction:trial-1:production-character,deepseek-ai/DeepSeek-V4-Flash-0731,deepseek-ai/DeepSeek-V4-Flash-0731,0,2048,"system,user",2713,200,1193.9208870000002,816,33,849,0,5.49e-05,stop,,none configured
controlled-before,wire-15.json,A:history-correction:trial-1:counterfactual-without-character-gate,deepseek-ai/DeepSeek-V4-Flash-0731,deepseek-ai/DeepSeek-V4-Flash-0731,0,2048,"system,user",1653,200,1114.822039999999,558,32,590,0,3.9240000000000004e-05,stop,,none configured
controlled-before,wire-16.json,A:negation-quotation:trial-1:direct,deepseek-ai/DeepSeek-V4-Flash-0731,deepseek-ai/DeepSeek-V4-Flash-0731,0,2048,"system,user",2272,200,10129.327368999977,451,289,740,256,6.756e-05,stop,,none configured
controlled-before,wire-17.json,A:negation-quotation:trial-1:production-character,deepseek-ai/DeepSeek-V4-Flash-0731,deepseek-ai/DeepSeek-V4-Flash-0731,0,2048,"system,user",3782,200,1181.507872999995,876,18,894,512,3.2760000000000005e-05,stop,,none configured
controlled-before,wire-18.json,A:negation-quotation:trial-1:production-character,deepseek-ai/DeepSeek-V4-Flash-0731,deepseek-ai/DeepSeek-V4-Flash-0731,0,2048,"system,user",2018,200,7420.191690000007,478,337,815,256,7.782e-05,stop,,none configured
controlled-before,wire-19.json,A:negation-quotation:trial-1:counterfactual-without-character-gate,deepseek-ai/DeepSeek-V4-Flash-0731,deepseek-ai/DeepSeek-V4-Flash-0731,0,2048,"system,user",1065,200,24290.717799000005,271,673,944,0,0.0001374,stop,,none configured
controlled-before,wire-2.json,A:history-correction:trial-0:production-character,deepseek-ai/DeepSeek-V4-Flash-0731,deepseek-ai/DeepSeek-V4-Flash-0731,0,2048,"system,user",2713,200,2509.9020179999998,812,26,838,0,5.3400000000000004e-05,stop,,none configured
controlled-before,wire-20.json,A:long-code:trial-1:direct,deepseek-ai/DeepSeek-V4-Flash-0731,deepseek-ai/DeepSeek-V4-Flash-0731,0,2048,"system,user",2370,200,23723.565539000003,495,2048,2543,256,0.00038682,length,,none configured
controlled-before,wire-21.json,A:long-code:trial-1:production-character,deepseek-ai/DeepSeek-V4-Flash-0731,deepseek-ai/DeepSeek-V4-Flash-0731,0,2048,"system,user",3880,200,2183.403671999986,920,18,938,512,3.54e-05,stop,,none configured
controlled-before,wire-22.json,A:long-code:trial-1:production-character,deepseek-ai/DeepSeek-V4-Flash-0731,deepseek-ai/DeepSeek-V4-Flash-0731,0,2048,"system,user",2116,200,21502.953011000005,522,2048,2570,256,0.00038844000000000004,length,,none configured
controlled-before,wire-23.json,A:long-code:trial-1:counterfactual-without-character-gate,deepseek-ai/DeepSeek-V4-Flash-0731,deepseek-ai/DeepSeek-V4-Flash-0731,0,2048,"system,user",1163,200,31095.075741000008,315,2048,2363,0,0.00038754,length,,none configured
controlled-before,wire-24.json,A:history-correction:trial-2:direct,deepseek-ai/DeepSeek-V4-Flash-0731,deepseek-ai/DeepSeek-V4-Flash-0731,0,2048,"system,user,assistant,user,assistant,user,assistant,user,assistant,user,assistant,user,assistant,user,assistant,user",2488,200,1018.8083139999944,611,28,639,512,1.866e-05,stop,,none configured
controlled-before,wire-25.json,A:history-correction:trial-2:production-character,deepseek-ai/DeepSeek-V4-Flash-0731,deepseek-ai/DeepSeek-V4-Flash-0731,0,2048,"system,user",4477,200,1246.790222999989,1213,18,1231,512,5.2980000000000004e-05,stop,,none configured
controlled-before,wire-26.json,A:history-correction:trial-2:production-character,deepseek-ai/DeepSeek-V4-Flash-0731,deepseek-ai/DeepSeek-V4-Flash-0731,0,2048,"system,user",2713,200,2963.7692629999947,815,27,842,0,5.376000000000001e-05,stop,,none configured
controlled-before,wire-27.json,A:history-correction:trial-2:counterfactual-without-character-gate,deepseek-ai/DeepSeek-V4-Flash-0731,deepseek-ai/DeepSeek-V4-Flash-0731,0,2048,"system,user",1653,200,1625.0955229999963,556,33,589,0,3.9300000000000007e-05,stop,,none configured
controlled-before,wire-28.json,A:negation-quotation:trial-2:direct,deepseek-ai/DeepSeek-V4-Flash-0731,deepseek-ai/DeepSeek-V4-Flash-0731,0,2048,"system,user",2272,200,8026.9426630000235,451,312,763,256,7.170000000000001e-05,stop,,none configured
controlled-before,wire-29.json,A:negation-quotation:trial-2:production-character,deepseek-ai/DeepSeek-V4-Flash-0731,deepseek-ai/DeepSeek-V4-Flash-0731,0,2048,"system,user",3782,200,763.0018469999777,876,18,894,512,3.2760000000000005e-05,stop,,none configured
controlled-before,wire-3.json,A:history-correction:trial-0:counterfactual-without-character-gate,deepseek-ai/DeepSeek-V4-Flash-0731,deepseek-ai/DeepSeek-V4-Flash-0731,0,2048,"system,user",1653,200,2067.2217500000006,560,32,592,0,3.936e-05,stop,,none configured
controlled-before,wire-30.json,A:negation-quotation:trial-2:production-character,deepseek-ai/DeepSeek-V4-Flash-0731,deepseek-ai/DeepSeek-V4-Flash-0731,0,2048,"system,user",2018,200,9383.362145000021,478,351,829,256,8.033999999999999e-05,stop,,none configured
controlled-before,wire-31.json,A:negation-quotation:trial-2:counterfactual-without-character-gate,deepseek-ai/DeepSeek-V4-Flash-0731,deepseek-ai/DeepSeek-V4-Flash-0731,0,2048,"system,user",1065,200,8830.497221000027,271,413,684,0,9.06e-05,stop,,none configured
controlled-before,wire-32.json,A:long-code:trial-2:direct,deepseek-ai/DeepSeek-V4-Flash-0731,deepseek-ai/DeepSeek-V4-Flash-0731,0,2048,"system,user",2370,200,25076.258950999996,495,2048,2543,256,0.00038682,length,,none configured
controlled-before,wire-33.json,A:long-code:trial-2:production-character,deepseek-ai/DeepSeek-V4-Flash-0731,deepseek-ai/DeepSeek-V4-Flash-0731,0,2048,"system,user",3880,200,3235.677907000005,920,18,938,512,3.54e-05,stop,,none configured
controlled-before,wire-34.json,A:long-code:trial-2:production-character,deepseek-ai/DeepSeek-V4-Flash-0731,deepseek-ai/DeepSeek-V4-Flash-0731,0,2048,"system,user",2116,200,22675.454923000012,522,2048,2570,256,0.00038844000000000004,length,,none configured
controlled-before,wire-35.json,A:long-code:trial-2:counterfactual-without-character-gate,deepseek-ai/DeepSeek-V4-Flash-0731,deepseek-ai/DeepSeek-V4-Flash-0731,0,2048,"system,user",1163,200,23258.882607000007,315,2048,2363,0,0.00038754,length,,none configured
controlled-before,wire-4.json,A:negation-quotation:trial-0:direct,deepseek-ai/DeepSeek-V4-Flash-0731,deepseek-ai/DeepSeek-V4-Flash-0731,0,2048,"system,user",2272,200,11063.708132000002,451,303,754,256,7.008e-05,stop,,none configured
controlled-before,wire-5.json,A:negation-quotation:trial-0:production-character,deepseek-ai/DeepSeek-V4-Flash-0731,deepseek-ai/DeepSeek-V4-Flash-0731,0,2048,"system,user",3782,200,1005.5419720000027,876,18,894,512,3.2760000000000005e-05,stop,,none configured
controlled-before,wire-6.json,A:negation-quotation:trial-0:production-character,deepseek-ai/DeepSeek-V4-Flash-0731,deepseek-ai/DeepSeek-V4-Flash-0731,0,2048,"system,user",2018,200,28863.606854,478,404,882,0,0.0001014,stop,,none configured
controlled-before,wire-7.json,A:negation-quotation:trial-0:counterfactual-without-character-gate,deepseek-ai/DeepSeek-V4-Flash-0731,deepseek-ai/DeepSeek-V4-Flash-0731,0,2048,"system,user",1065,200,8830.578468,271,400,671,0,8.826e-05,stop,,none configured
controlled-before,wire-8.json,A:long-code:trial-0:direct,deepseek-ai/DeepSeek-V4-Flash-0731,deepseek-ai/DeepSeek-V4-Flash-0731,0,2048,"system,user",2370,200,26413.885024999996,495,2048,2543,256,0.00038682,length,,none configured
controlled-before,wire-9.json,A:long-code:trial-0:production-character,deepseek-ai/DeepSeek-V4-Flash-0731,deepseek-ai/DeepSeek-V4-Flash-0731,0,2048,"system,user",3880,200,1292.016811999987,920,18,938,512,3.54e-05,stop,,none configured
controlled-before-invalid-concurrent,wire-0.json,A:history-correction:trial-0:direct,deepseek-ai/DeepSeek-V4-Flash-0731,deepseek-ai/DeepSeek-V4-Flash-0731,0,2048,"system,user,assistant,user,assistant,user,assistant,user,assistant,user,assistant,user,assistant,user,assistant,user",2488,200,3268.6598120000003,611,28,639,512,1.866e-05,stop,,none configured
controlled-before-invalid-concurrent,wire-1.json,A:history-correction:trial-0:production-character,deepseek-ai/DeepSeek-V4-Flash-0731,deepseek-ai/DeepSeek-V4-Flash-0731,0,2048,"system,user",4477,200,3368.701084,1213,18,1231,512,5.2980000000000004e-05,stop,,none configured
controlled-before-invalid-concurrent,wire-2.json,A:history-correction:trial-0:production-character,deepseek-ai/DeepSeek-V4-Flash-0731,deepseek-ai/DeepSeek-V4-Flash-0731,0,2048,"system,user",2713,200,1484.8248390000008,815,26,841,0,5.358e-05,stop,,none configured
controlled-before-invalid-concurrent,wire-3.json,A:history-correction:trial-0:counterfactual-without-character-gate,deepseek-ai/DeepSeek-V4-Flash-0731,deepseek-ai/DeepSeek-V4-Flash-0731,0,2048,"system,user",1653,200,1482.8793290000012,557,33,590,0,3.936e-05,stop,,none configured
controlled-heartbeat-fixed,wire-0.json,A:history-correction:trial-0:direct,deepseek-ai/DeepSeek-V4-Flash-0731,deepseek-ai/DeepSeek-V4-Flash-0731,0,2048,"system,user,assistant,user,assistant,user,assistant,user,assistant,user,assistant,user,assistant,user,assistant,user",2488,200,5364.90717,611,31,642,512,1.92e-05,stop,,none configured
controlled-heartbeat-fixed,wire-1.json,A:history-correction:trial-0:production-character,deepseek-ai/DeepSeek-V4-Flash-0731,deepseek-ai/DeepSeek-V4-Flash-0731,0,2048,"system,user",4477,200,1115.0590750000001,1210,18,1228,512,5.28e-05,stop,,none configured
controlled-heartbeat-fixed,wire-10.json,A:long-code:trial-0:production-character,deepseek-ai/DeepSeek-V4-Flash-0731,deepseek-ai/DeepSeek-V4-Flash-0731,0,2048,"system,user",2116,200,20832.867458,522,2048,2570,256,0.00038844000000000004,length,,none configured
controlled-heartbeat-fixed,wire-11.json,A:long-code:trial-0:counterfactual-without-character-gate,deepseek-ai/DeepSeek-V4-Flash-0731,deepseek-ai/DeepSeek-V4-Flash-0731,0,2048,"system,user",1163,200,25287.55598399999,315,2048,2363,0,0.00038754,length,,none configured
controlled-heartbeat-fixed,wire-12.json,A:history-correction:trial-1:direct,deepseek-ai/DeepSeek-V4-Flash-0731,deepseek-ai/DeepSeek-V4-Flash-0731,0,2048,"system,user,assistant,user,assistant,user,assistant,user,assistant,user,assistant,user,assistant,user,assistant,user",2488,200,3280.1328629999916,611,36,647,0,4.3140000000000004e-05,stop,,none configured
controlled-heartbeat-fixed,wire-13.json,A:history-correction:trial-1:production-character,deepseek-ai/DeepSeek-V4-Flash-0731,deepseek-ai/DeepSeek-V4-Flash-0731,0,2048,"system,user",4477,200,1839.8334009999962,1213,18,1231,512,5.2980000000000004e-05,stop,,none configured
controlled-heartbeat-fixed,wire-14.json,A:history-correction:trial-1:production-character,deepseek-ai/DeepSeek-V4-Flash-0731,deepseek-ai/DeepSeek-V4-Flash-0731,0,2048,"system,user",2713,200,2214.2178129999957,815,27,842,0,5.376000000000001e-05,stop,,none configured
controlled-heartbeat-fixed,wire-15.json,A:history-correction:trial-1:counterfactual-without-character-gate,deepseek-ai/DeepSeek-V4-Flash-0731,deepseek-ai/DeepSeek-V4-Flash-0731,0,2048,"system,user",1653,200,1512.7966789999919,555,29,584,0,3.852e-05,stop,,none configured
controlled-heartbeat-fixed,wire-16.json,A:negation-quotation:trial-1:direct,deepseek-ai/DeepSeek-V4-Flash-0731,deepseek-ai/DeepSeek-V4-Flash-0731,0,2048,"system,user",2272,200,6480.175098000007,451,215,666,256,5.424e-05,stop,,none configured
controlled-heartbeat-fixed,wire-17.json,A:negation-quotation:trial-1:production-character,deepseek-ai/DeepSeek-V4-Flash-0731,deepseek-ai/DeepSeek-V4-Flash-0731,0,2048,"system,user",3782,200,3062.7557059999963,876,18,894,512,3.2760000000000005e-05,stop,,none configured
controlled-heartbeat-fixed,wire-18.json,A:negation-quotation:trial-1:production-character,deepseek-ai/DeepSeek-V4-Flash-0731,deepseek-ai/DeepSeek-V4-Flash-0731,0,2048,"system,user",2018,200,13099.126108000011,478,477,955,256,0.00010302,stop,,none configured
controlled-heartbeat-fixed,wire-19.json,A:negation-quotation:trial-1:counterfactual-without-character-gate,deepseek-ai/DeepSeek-V4-Flash-0731,deepseek-ai/DeepSeek-V4-Flash-0731,0,2048,"system,user",1065,200,12597.270274999988,271,400,671,0,8.826e-05,stop,,none configured
controlled-heartbeat-fixed,wire-2.json,A:history-correction:trial-0:production-character,deepseek-ai/DeepSeek-V4-Flash-0731,deepseek-ai/DeepSeek-V4-Flash-0731,0,2048,"system,user",2713,200,1504.2124059999996,812,27,839,0,5.3580000000000005e-05,stop,,none configured
controlled-heartbeat-fixed,wire-20.json,A:long-code:trial-1:direct,deepseek-ai/DeepSeek-V4-Flash-0731,deepseek-ai/DeepSeek-V4-Flash-0731,0,2048,"system,user",2370,200,27503.46248299998,495,2048,2543,256,0.00038682,length,,none configured
controlled-heartbeat-fixed,wire-21.json,A:long-code:trial-1:production-character,deepseek-ai/DeepSeek-V4-Flash-0731,deepseek-ai/DeepSeek-V4-Flash-0731,0,2048,"system,user",3880,200,3101.6790999999794,920,18,938,512,3.54e-05,stop,,none configured
controlled-heartbeat-fixed,wire-22.json,A:long-code:trial-1:production-character,deepseek-ai/DeepSeek-V4-Flash-0731,deepseek-ai/DeepSeek-V4-Flash-0731,0,2048,"system,user",2116,200,32723.475408,522,2048,2570,0,0.00039996000000000004,length,,none configured
controlled-heartbeat-fixed,wire-23.json,A:long-code:trial-1:counterfactual-without-character-gate,deepseek-ai/DeepSeek-V4-Flash-0731,deepseek-ai/DeepSeek-V4-Flash-0731,0,2048,"system,user",1163,200,29935.730907999998,315,2048,2363,0,0.00038754,length,,none configured
controlled-heartbeat-fixed,wire-24.json,A:history-correction:trial-2:direct,deepseek-ai/DeepSeek-V4-Flash-0731,deepseek-ai/DeepSeek-V4-Flash-0731,0,2048,"system,user,assistant,user,assistant,user,assistant,user,assistant,user,assistant,user,assistant,user,assistant,user",2488,200,9182.915985999978,611,28,639,512,1.866e-05,stop,,none configured
controlled-heartbeat-fixed,wire-25.json,A:history-correction:trial-2:production-character,deepseek-ai/DeepSeek-V4-Flash-0731,deepseek-ai/DeepSeek-V4-Flash-0731,0,2048,"system,user",4477,200,1502.121072000009,1211,18,1229,512,5.285999999999999e-05,stop,,none configured
controlled-heartbeat-fixed,wire-26.json,A:history-correction:trial-2:production-character,deepseek-ai/DeepSeek-V4-Flash-0731,deepseek-ai/DeepSeek-V4-Flash-0731,0,2048,"system,user",2713,200,3073.5255760000146,813,30,843,0,5.418e-05,stop,,none configured
controlled-heartbeat-fixed,wire-27.json,A:history-correction:trial-2:counterfactual-without-character-gate,deepseek-ai/DeepSeek-V4-Flash-0731,deepseek-ai/DeepSeek-V4-Flash-0731,0,2048,"system,user",1653,200,2059.26413700002,560,33,593,0,3.954e-05,stop,,none configured
controlled-heartbeat-fixed,wire-28.json,A:negation-quotation:trial-2:direct,deepseek-ai/DeepSeek-V4-Flash-0731,deepseek-ai/DeepSeek-V4-Flash-0731,0,2048,"system,user",2272,200,10440.362687000015,451,416,867,256,9.041999999999999e-05,stop,,none configured
controlled-heartbeat-fixed,wire-29.json,A:negation-quotation:trial-2:production-character,deepseek-ai/DeepSeek-V4-Flash-0731,deepseek-ai/DeepSeek-V4-Flash-0731,0,2048,"system,user",3782,200,4188.793939999945,876,18,894,512,3.2760000000000005e-05,stop,,none configured
controlled-heartbeat-fixed,wire-3.json,A:history-correction:trial-0:counterfactual-without-character-gate,deepseek-ai/DeepSeek-V4-Flash-0731,deepseek-ai/DeepSeek-V4-Flash-0731,0,2048,"system,user",1653,200,1039.7256740000003,553,33,586,0,3.9120000000000005e-05,stop,,none configured
controlled-heartbeat-fixed,wire-30.json,A:negation-quotation:trial-2:production-character,deepseek-ai/DeepSeek-V4-Flash-0731,deepseek-ai/DeepSeek-V4-Flash-0731,0,2048,"system,user",2018,200,16986.170199999993,478,476,954,256,0.00010284000000000001,stop,,none configured
controlled-heartbeat-fixed,wire-31.json,A:negation-quotation:trial-2:counterfactual-without-character-gate,deepseek-ai/DeepSeek-V4-Flash-0731,deepseek-ai/DeepSeek-V4-Flash-0731,0,2048,"system,user",1065,200,8181.465091999969,271,423,694,0,9.24e-05,stop,,none configured
controlled-heartbeat-fixed,wire-32.json,A:long-code:trial-2:direct,deepseek-ai/DeepSeek-V4-Flash-0731,deepseek-ai/DeepSeek-V4-Flash-0731,0,2048,"system,user",2370,200,21902.390278999985,495,2048,2543,256,0.00038682,length,,none configured
controlled-heartbeat-fixed,wire-33.json,A:long-code:trial-2:production-character,deepseek-ai/DeepSeek-V4-Flash-0731,deepseek-ai/DeepSeek-V4-Flash-0731,0,2048,"system,user",3880,200,1961.343532000028,920,18,938,512,3.54e-05,stop,,none configured
controlled-heartbeat-fixed,wire-34.json,A:long-code:trial-2:production-character,deepseek-ai/DeepSeek-V4-Flash-0731,deepseek-ai/DeepSeek-V4-Flash-0731,0,2048,"system,user",2116,200,20699.42862100003,522,2048,2570,256,0.00038844000000000004,length,,none configured
controlled-heartbeat-fixed,wire-35.json,A:long-code:trial-2:counterfactual-without-character-gate,deepseek-ai/DeepSeek-V4-Flash-0731,deepseek-ai/DeepSeek-V4-Flash-0731,0,2048,"system,user",1163,200,27065.569423999987,315,2048,2363,0,0.00038754,length,,none configured
controlled-heartbeat-fixed,wire-4.json,A:negation-quotation:trial-0:direct,deepseek-ai/DeepSeek-V4-Flash-0731,deepseek-ai/DeepSeek-V4-Flash-0731,0,2048,"system,user",2272,200,10114.811447,451,251,702,256,6.072e-05,stop,,none configured
controlled-heartbeat-fixed,wire-5.json,A:negation-quotation:trial-0:production-character,deepseek-ai/DeepSeek-V4-Flash-0731,deepseek-ai/DeepSeek-V4-Flash-0731,0,2048,"system,user",3782,200,991.9470660000006,876,18,894,512,3.2760000000000005e-05,stop,,none configured
controlled-heartbeat-fixed,wire-6.json,A:negation-quotation:trial-0:production-character,deepseek-ai/DeepSeek-V4-Flash-0731,deepseek-ai/DeepSeek-V4-Flash-0731,0,2048,"system,user",2018,200,7718.053344,478,450,928,256,9.816e-05,stop,,none configured
controlled-heartbeat-fixed,wire-7.json,A:negation-quotation:trial-0:counterfactual-without-character-gate,deepseek-ai/DeepSeek-V4-Flash-0731,deepseek-ai/DeepSeek-V4-Flash-0731,0,2048,"system,user",1065,200,10401.049663999998,271,559,830,0,0.00011688,stop,,none configured
controlled-heartbeat-fixed,wire-8.json,A:long-code:trial-0:direct,deepseek-ai/DeepSeek-V4-Flash-0731,deepseek-ai/DeepSeek-V4-Flash-0731,0,2048,"system,user",2370,200,25188.362331999997,495,2048,2543,256,0.00038682,length,,none configured
controlled-heartbeat-fixed,wire-9.json,A:long-code:trial-0:production-character,deepseek-ai/DeepSeek-V4-Flash-0731,deepseek-ai/DeepSeek-V4-Flash-0731,0,2048,"system,user",3880,200,770.6545939999996,920,18,938,512,3.54e-05,stop,,none configured
deployed-calls,call-1.json,server,deepseek-ai/DeepSeek-V4-Flash-0731,deepseek-ai/DeepSeek-V4-Flash-0731,0,2048,"system,user",5281,200,3647.4801860000007,1113,45,1158,0,7.488e-05,stop,,none configured
deployed-calls,call-10.json,server,deepseek-ai/DeepSeek-V4-Flash-0731,deepseek-ai/DeepSeek-V4-Flash-0731,0,2048,"system,user",5464,200,1531.5814200000023,1216,44,1260,768,4.6320000000000004e-05,stop,,none configured
deployed-calls,call-12.json,server,deepseek-ai/DeepSeek-V4-Flash-0731,deepseek-ai/DeepSeek-V4-Flash-0731,0,2048,"system,user",5281,200,2847.336854999885,1113,52,1165,0,7.614e-05,stop,,none configured
deployed-calls,call-16.json,server,deepseek-ai/DeepSeek-V4-Flash-0731,deepseek-ai/DeepSeek-V4-Flash-0731,0,2048,"system,user",5285,200,1148.2540770000778,1126,33,1159,768,3.8939999999999996e-05,stop,,none configured
deployed-calls,call-18.json,server,deepseek-ai/DeepSeek-V4-Flash-0731,deepseek-ai/DeepSeek-V4-Flash-0731,0,2048,"system,user",5862,200,1304.9885600004345,1409,62,1471,768,6.114e-05,stop,,none configured
deployed-calls,call-22.json,server,deepseek-ai/DeepSeek-V4-Flash-0731,deepseek-ai/DeepSeek-V4-Flash-0731,0,2048,"system,user",5464,200,1214.2328610001132,1216,45,1261,768,4.6500000000000005e-05,stop,,none configured
deployed-calls,call-5.json,server,deepseek-ai/DeepSeek-V4-Flash-0731,deepseek-ai/DeepSeek-V4-Flash-0731,0,2048,"system,user",5285,200,2306.426542000001,1126,22,1148,768,3.6960000000000005e-05,stop,,none configured
deployed-calls,call-7.json,server,deepseek-ai/DeepSeek-V4-Flash-0731,deepseek-ai/DeepSeek-V4-Flash-0731,0,2048,"system,user",5850,200,2714.879989999994,1402,49,1451,768,5.838e-05,stop,,none configured
deployed-final-calls,call-1.json,server,deepseek-ai/DeepSeek-V4-Flash-0731,deepseek-ai/DeepSeek-V4-Flash-0731,0,2048,"system,user",5281,200,5720.710596000001,1113,38,1151,768,3.906000000000001e-05,stop,,none configured
deployed-final-calls,call-11.json,server,deepseek-ai/DeepSeek-V4-Flash-0731,deepseek-ai/DeepSeek-V4-Flash-0731,0,2048,"system,user",5464,200,1857.8819670000012,1216,45,1261,768,4.6500000000000005e-05,stop,,none configured
deployed-final-calls,call-13.json,server,deepseek-ai/DeepSeek-V4-Flash-0731,deepseek-ai/DeepSeek-V4-Flash-0731,0,2048,"system,user",5281,200,2815.56137499999,1113,43,1156,768,3.9960000000000004e-05,stop,,none configured
deployed-final-calls,call-19.json,server,deepseek-ai/DeepSeek-V4-Flash-0731,deepseek-ai/DeepSeek-V4-Flash-0731,0,2048,"system,user",5285,200,2388.0877460000047,1126,33,1159,768,3.8939999999999996e-05,stop,,none configured
deployed-final-calls,call-21.json,server,deepseek-ai/DeepSeek-V4-Flash-0731,deepseek-ai/DeepSeek-V4-Flash-0731,0,2048,"system,user",5847,200,1414.5396870000113,1401,44,1445,768,5.742e-05,stop,,none configured
deployed-final-calls,call-44.json,server,deepseek-ai/DeepSeek-V4-Flash-0731,deepseek-ai/DeepSeek-V4-Flash-0731,0,2048,"system,user",5464,200,4466.797936000017,1216,45,1261,768,4.6500000000000005e-05,stop,,none configured
deployed-final-calls,call-5.json,server,deepseek-ai/DeepSeek-V4-Flash-0731,deepseek-ai/DeepSeek-V4-Flash-0731,0,2048,"system,user",5285,200,846.3750509999991,1126,22,1148,768,3.6960000000000005e-05,stop,,none configured
deployed-final-calls,call-7.json,server,deepseek-ai/DeepSeek-V4-Flash-0731,deepseek-ai/DeepSeek-V4-Flash-0731,0,2048,"system,user",5839,200,1704.2451309999997,1395,53,1448,768,5.868e-05,stop,,none configured
durable-files,wire-0.json,B:256:direct-no-observation,deepseek-ai/DeepSeek-V4-Flash-0731,deepseek-ai/DeepSeek-V4-Flash-0731,0,2048,"system,user",2260,200,7605.966051,441,45,486,256,2.3040000000000006e-05,stop,,none configured
durable-files,wire-1.json,B:256:direct-full,deepseek-ai/DeepSeek-V4-Flash-0731,deepseek-ai/DeepSeek-V4-Flash-0731,0,2048,"system,user",2525,200,1523.2988829999995,497,56,553,256,2.8380000000000003e-05,stop,,none configured
durable-files,wire-2.json,B:256:production-cognition,deepseek-ai/DeepSeek-V4-Flash-0731,deepseek-ai/DeepSeek-V4-Flash-0731,0,2048,"user,user,user",1016,200,1572.9737100000002,226,26,252,0,1.824e-05,stop,,none configured
durable-files,wire-3.json,B:16001:direct-no-observation,deepseek-ai/DeepSeek-V4-Flash-0731,deepseek-ai/DeepSeek-V4-Flash-0731,0,2048,"system,user",2260,200,2615.4774709999983,441,47,488,256,2.34e-05,stop,,none configured
durable-files,wire-4.json,B:16001:direct-full,deepseek-ai/DeepSeek-V4-Flash-0731,deepseek-ai/DeepSeek-V4-Flash-0731,0,2048,"system,user",18270,200,2781.9740980000024,2461,36,2497,256,0.00014262,stop,,none configured
durable-files,wire-5.json,B:16001:production-cognition,deepseek-ai/DeepSeek-V4-Flash-0731,deepseek-ai/DeepSeek-V4-Flash-0731,0,2048,"user,user,user",1016,200,1737.957916000003,226,63,289,0,2.49e-05,stop,,none configured
durable-files-canonical,wire-0.json,B:256:direct-no-observation,deepseek-ai/DeepSeek-V4-Flash-0731,deepseek-ai/DeepSeek-V4-Flash-0731,0,2048,"system,user",2260,200,6371.511061,441,44,485,256,2.2859999999999998e-05,stop,,none configured
durable-files-canonical-retry,wire-0.json,B:256:direct-no-observation,deepseek-ai/DeepSeek-V4-Flash-0731,deepseek-ai/DeepSeek-V4-Flash-0731,0,2048,"system,user",2260,200,3819.288891,441,42,483,0,3.402e-05,stop,,none configured
durable-files-canonical-retry,wire-1.json,B:256:direct-full,deepseek-ai/DeepSeek-V4-Flash-0731,deepseek-ai/DeepSeek-V4-Flash-0731,0,2048,"system,user",2525,200,1149.7905880000003,494,57,551,256,2.8380000000000003e-05,stop,,none configured
durable-files-canonical-retry,wire-2.json,B:256:production-cognition,deepseek-ai/DeepSeek-V4-Flash-0731,deepseek-ai/DeepSeek-V4-Flash-0731,0,2048,"user,user,user,user",3658,200,1826.012885,756,37,793,0,5.202e-05,stop,,none configured
durable-files-canonical-retry,wire-3.json,B:16001:direct-no-observation,deepseek-ai/DeepSeek-V4-Flash-0731,deepseek-ai/DeepSeek-V4-Flash-0731,0,2048,"system,user",2260,200,1224.849717,441,39,480,256,2.196e-05,stop,,none configured
durable-files-canonical-retry,wire-4.json,B:16001:direct-full,deepseek-ai/DeepSeek-V4-Flash-0731,deepseek-ai/DeepSeek-V4-Flash-0731,0,2048,"system,user",18270,200,1669.2538750000003,2465,38,2503,256,0.00014322,stop,,none configured
durable-files-canonical-retry,wire-5.json,B:16001:production-cognition,deepseek-ai/DeepSeek-V4-Flash-0731,deepseek-ai/DeepSeek-V4-Flash-0731,0,2048,"user,user,user,user",3658,200,1409.048517000001,756,29,785,0,5.058e-05,stop,,none configured
durable-files-glm,wire-0.json,B:256:direct-no-observation,zai-org/GLM-5.3-Flash,zai-org/GLM-5.3-Flash,0,2048,"system,user",2260,200,7543.7803140000005,452,60,512,0,4.89e-05,stop,,none configured
durable-files-glm,wire-1.json,B:256:direct-full,zai-org/GLM-5.3-Flash,zai-org/GLM-5.3-Flash,0,2048,"system,user",2525,200,12132.096137,505,135,640,0,7.1625e-05,stop,,none configured
durable-files-glm,wire-2.json,B:256:production-cognition,zai-org/GLM-5.3-Flash,zai-org/GLM-5.3-Flash,0,2048,"user,user,user,user",3658,200,1843.2605290000029,738,42,780,0,6.585e-05,stop,,none configured
durable-files-glm,wire-3.json,B:256:production-cognition,zai-org/GLM-5.3-Flash,zai-org/GLM-5.3-Flash,0,2048,"user,user,user,user,assistant,user",4179,200,4623.948972999999,841,84,925,0,8.4075e-05,stop,,none configured
durable-files-glm,wire-4.json,B:16001:direct-no-observation,zai-org/GLM-5.3-Flash,zai-org/GLM-5.3-Flash,0,2048,"system,user",2260,200,10253.541528999998,452,81,533,0,5.4149999999999995e-05,stop,,none configured
durable-files-glm,wire-5.json,B:16001:direct-full,zai-org/GLM-5.3-Flash,zai-org/GLM-5.3-Flash,0,2048,"system,user",18270,200,9086.942737999998,2475,155,2630,0,0.000224375,stop,,none configured
durable-files-glm,wire-6.json,B:16001:production-cognition,zai-org/GLM-5.3-Flash,zai-org/GLM-5.3-Flash,0,2048,"user,user,user,user",3658,200,1756.385027000004,738,40,778,0,6.535e-05,stop,,none configured
durable-files-glm,wire-7.json,B:16001:production-cognition,zai-org/GLM-5.3-Flash,zai-org/GLM-5.3-Flash,0,2048,"user,user,user,user,assistant,user",20073,200,8414.270622999997,2856,170,3026,0,0.0002567,stop,,none configured
durable-files-glm-repeat,wire-0.json,B:256:direct-no-observation,zai-org/GLM-5.3-Flash,zai-org/GLM-5.3-Flash,0,2048,"system,user",2260,200,7112.5951239999995,452,58,510,0,4.8400000000000004e-05,stop,,none configured
durable-files-glm-repeat,wire-1.json,B:256:direct-full,zai-org/GLM-5.3-Flash,zai-org/GLM-5.3-Flash,0,2048,"system,user",2525,200,7854.72099,503,150,653,0,7.5225e-05,stop,,none configured
durable-files-glm-repeat,wire-2.json,B:256:production-cognition,zai-org/GLM-5.3-Flash,zai-org/GLM-5.3-Flash,0,2048,"user,user,user,user",3658,200,6000.010910000001,738,40,778,0,6.535e-05,stop,,none configured
durable-files-glm-repeat,wire-3.json,B:256:production-cognition,zai-org/GLM-5.3-Flash,zai-org/GLM-5.3-Flash,0,2048,"user,user,user,user,assistant,user",4126,200,3534.449754999998,841,61,902,0,7.832499999999999e-05,stop,,none configured
durable-files-glm-repeat,wire-4.json,B:256:direct-no-observation,zai-org/GLM-5.3-Flash,zai-org/GLM-5.3-Flash,0,2048,"system,user",2260,200,5219.362052,452,110,562,0,6.14e-05,stop,,none configured
durable-files-glm-repeat,wire-5.json,B:256:direct-full,zai-org/GLM-5.3-Flash,zai-org/GLM-5.3-Flash,0,2048,"system,user",2525,200,5738.349014000003,505,143,648,0,7.3625e-05,stop,,none configured
durable-files-glm-repeat,wire-6.json,B:256:production-cognition,zai-org/GLM-5.3-Flash,zai-org/GLM-5.3-Flash,0,2048,"user,user,user,user",3658,200,2701.6663199999966,738,38,776,0,6.485e-05,stop,,none configured
durable-files-glm-repeat,wire-7.json,B:256:production-cognition,zai-org/GLM-5.3-Flash,zai-org/GLM-5.3-Flash,0,2048,"user,user,user,user,assistant,user",4177,200,4749.975112999993,841,84,925,0,8.4075e-05,stop,,none configured
harness-before-invalid-concurrent,wire-0.json,A:history-correction:trial-0:direct,deepseek-ai/DeepSeek-V4-Flash-0731,deepseek-ai/DeepSeek-V4-Flash-0731,0,2048,"system,user,assistant,user,assistant,user,assistant,user,assistant,user,assistant,user,assistant,user,assistant,user",2488,200,5162.556205,611,28,639,0,4.1700000000000004e-05,stop,,none configured
harness-before-invalid-concurrent,wire-1.json,A:history-correction:trial-0:production-character,deepseek-ai/DeepSeek-V4-Flash-0731,deepseek-ai/DeepSeek-V4-Flash-0731,0,2048,"system,user",4477,200,1604.2418509999998,1216,18,1234,512,5.315999999999999e-05,stop,,none configured
harness-before-invalid-concurrent,wire-2.json,A:history-correction:trial-0:production-character,deepseek-ai/DeepSeek-V4-Flash-0731,deepseek-ai/DeepSeek-V4-Flash-0731,0,2048,"system,user",2713,200,1221.9104269999998,818,24,842,0,5.3400000000000004e-05,stop,,none configured
harness-before-invalid-concurrent,wire-3.json,A:history-correction:trial-0:counterfactual-without-character-gate,deepseek-ai/DeepSeek-V4-Flash-0731,deepseek-ai/DeepSeek-V4-Flash-0731,0,2048,"system,user",1653,200,1329.4303099999997,558,29,587,0,3.87e-05,stop,,none configured
harness-before-invalid-concurrent,wire-4.json,A:negation-quotation:trial-0:direct,deepseek-ai/DeepSeek-V4-Flash-0731,deepseek-ai/DeepSeek-V4-Flash-0731,0,2048,"system,user",2272,200,9270.78151,451,402,853,256,8.790000000000001e-05,stop,,none configured
harness-before-invalid-concurrent,wire-5.json,A:negation-quotation:trial-0:production-character,deepseek-ai/DeepSeek-V4-Flash-0731,deepseek-ai/DeepSeek-V4-Flash-0731,0,2048,"system,user",3782,200,1598.8106899999984,876,18,894,0,5.58e-05,stop,,none configured
harness-before-invalid-concurrent,wire-6.json,A:negation-quotation:trial-0:production-character,deepseek-ai/DeepSeek-V4-Flash-0731,deepseek-ai/DeepSeek-V4-Flash-0731,0,2048,"system,user",2018,200,15343.600995999997,478,429,907,0,0.0001059,stop,,none configured
harness-before-invalid-concurrent,wire-7.json,A:negation-quotation:trial-0:counterfactual-without-character-gate,deepseek-ai/DeepSeek-V4-Flash-0731,deepseek-ai/DeepSeek-V4-Flash-0731,0,2048,"system,user",1065,200,11588.732142,271,561,832,0,0.00011724000000000002,stop,,none configured
length-after,wire-0.json,A:long-code:trial-0:direct,deepseek-ai/DeepSeek-V4-Flash-0731,deepseek-ai/DeepSeek-V4-Flash-0731,0,2048,"system,user",2370,200,17707.101872,495,2048,2543,256,0.00038682,length,,none configured
length-after,wire-1.json,A:long-code:trial-0:production-character,deepseek-ai/DeepSeek-V4-Flash-0731,deepseek-ai/DeepSeek-V4-Flash-0731,0,2048,"system,user",3880,200,1875.515335,920,18,938,0,5.8439999999999996e-05,stop,,none configured
length-after,wire-10.json,A:long-code:trial-2:production-character,deepseek-ai/DeepSeek-V4-Flash-0731,deepseek-ai/DeepSeek-V4-Flash-0731,0,2048,"system,user",2116,200,19195.855488,522,2048,2570,0,0.00039996000000000004,length,,none configured
length-after,wire-11.json,A:long-code:trial-2:counterfactual-without-character-gate,deepseek-ai/DeepSeek-V4-Flash-0731,deepseek-ai/DeepSeek-V4-Flash-0731,0,2048,"system,user",1163,200,24680.10985400001,315,2048,2363,0,0.00038754,length,,none configured
length-after,wire-2.json,A:long-code:trial-0:production-character,deepseek-ai/DeepSeek-V4-Flash-0731,deepseek-ai/DeepSeek-V4-Flash-0731,0,2048,"system,user",2116,200,21990.178662999995,522,2048,2570,0,0.00039996000000000004,length,,none configured
length-after,wire-3.json,A:long-code:trial-0:counterfactual-without-character-gate,deepseek-ai/DeepSeek-V4-Flash-0731,deepseek-ai/DeepSeek-V4-Flash-0731,0,2048,"system,user",1163,200,17013.158843000005,315,2048,2363,0,0.00038754,length,,none configured
length-after,wire-4.json,A:long-code:trial-1:direct,deepseek-ai/DeepSeek-V4-Flash-0731,deepseek-ai/DeepSeek-V4-Flash-0731,0,2048,"system,user",2370,200,13995.073077999994,495,2048,2543,256,0.00038682,length,,none configured
length-after,wire-5.json,A:long-code:trial-1:production-character,deepseek-ai/DeepSeek-V4-Flash-0731,deepseek-ai/DeepSeek-V4-Flash-0731,0,2048,"system,user",3880,200,933.5086569999985,920,18,938,0,5.8439999999999996e-05,stop,,none configured
length-after,wire-6.json,A:long-code:trial-1:production-character,deepseek-ai/DeepSeek-V4-Flash-0731,deepseek-ai/DeepSeek-V4-Flash-0731,0,2048,"system,user",2116,200,20187.08168599999,522,2048,2570,256,0.00038844000000000004,length,,none configured
length-after,wire-7.json,A:long-code:trial-1:counterfactual-without-character-gate,deepseek-ai/DeepSeek-V4-Flash-0731,deepseek-ai/DeepSeek-V4-Flash-0731,0,2048,"system,user",1163,200,14130.673978000006,315,2048,2363,0,0.00038754,length,,none configured
length-after,wire-8.json,A:long-code:trial-2:direct,deepseek-ai/DeepSeek-V4-Flash-0731,deepseek-ai/DeepSeek-V4-Flash-0731,0,2048,"system,user",2370,200,14326.804593000008,495,2048,2543,256,0.00038682,length,,none configured
length-after,wire-9.json,A:long-code:trial-2:production-character,deepseek-ai/DeepSeek-V4-Flash-0731,deepseek-ai/DeepSeek-V4-Flash-0731,0,2048,"system,user",3880,200,1528.87860299999,920,18,938,512,3.54e-05,stop,,none configured
pr-calls,call-0.json,server,deepseek-ai/DeepSeek-V4-Flash-0731,deepseek-ai/DeepSeek-V4-Flash-0731,0,2048,"system,user",6233,200,3790.157563,1371,18,1389,0,8.55e-05,stop,,none configured
pr-calls,call-1.json,server,deepseek-ai/DeepSeek-V4-Flash-0731,deepseek-ai/DeepSeek-V4-Flash-0731,0,2048,"system,user",4469,200,1168.5968989999992,973,15,988,0,6.108e-05,stop,,none configured
pr-calls,call-10.json,server,deepseek-ai/DeepSeek-V4-Flash-0731,deepseek-ai/DeepSeek-V4-Flash-0731,0,2048,"system,user",4672,200,1427.832974000019,1060,15,1075,0,6.63e-05,stop,,none configured
pr-calls,call-15.json,server,deepseek-ai/DeepSeek-V4-Flash-0731,deepseek-ai/DeepSeek-V4-Flash-0731,0,2048,"system,user",6398,200,3246.1289540000143,1427,48,1475,1024,4.818e-05,stop,,none configured
pr-calls,call-16.json,server,zai-org/GLM-5.3-Flash,zai-org/GLM-5.3-Flash,0,2048,"user,user,user,user,user",4914,200,5124.005688000005,1066,69,1135,0,9.720000000000002e-05,stop,,none configured
pr-calls,call-17.json,server,deepseek-ai/DeepSeek-V4-Flash-0731,deepseek-ai/DeepSeek-V4-Flash-0731,0,2048,"system,user",6228,200,4836.8936449999455,1425,23,1448,0,8.964e-05,stop,,none configured
pr-calls,call-18.json,server,deepseek-ai/DeepSeek-V4-Flash-0731,deepseek-ai/DeepSeek-V4-Flash-0731,0,2048,"system,user",6607,200,3240.02454199997,1546,22,1568,1024,5.064000000000001e-05,stop,,none configured
pr-calls,call-19.json,server,deepseek-ai/DeepSeek-V4-Flash-0731,deepseek-ai/DeepSeek-V4-Flash-0731,0,2048,"system,user",4843,200,4854.885272000043,1148,23,1171,0,7.302e-05,stop,,none configured
pr-calls,call-23.json,server,deepseek-ai/DeepSeek-V4-Flash-0731,deepseek-ai/DeepSeek-V4-Flash-0731,0,2048,"system,user",6221,200,6349.470671000017,1364,69,1433,0,9.426000000000001e-05,stop,,none configured
pr-calls,call-24.json,server,zai-org/GLM-5.3-Flash,zai-org/GLM-5.3-Flash,0,2048,"user,user,user,user,user",4844,200,4271.5700690000085,1021,91,1112,0,9.9325e-05,stop,,none configured
pr-calls,call-25.json,server,deepseek-ai/DeepSeek-V4-Flash-0731,deepseek-ai/DeepSeek-V4-Flash-0731,0,2048,"system,user",5948,200,2116.7317040000344,1310,9,1319,0,8.022000000000001e-05,stop,,none configured
pr-calls,call-6.json,server,deepseek-ai/DeepSeek-V4-Flash-0731,deepseek-ai/DeepSeek-V4-Flash-0731,0,2048,"system,user",6224,200,1044.3684130000001,1365,39,1404,1024,4.2839999999999996e-05,stop,,none configured
pr-calls,call-7.json,server,zai-org/GLM-5.3-Flash,zai-org/GLM-5.3-Flash,0,2048,"user,user,user,user,user",4685,200,2931.218412,993,63,1056,0,9.0225e-05,stop,,none configured
pr-calls,call-8.json,server,deepseek-ai/DeepSeek-V4-Flash-0731,deepseek-ai/DeepSeek-V4-Flash-0731,0,2048,"system,user",6046,200,1008.1123360000001,1354,14,1368,0,8.376000000000001e-05,stop,,none configured
pr-calls,call-9.json,server,deepseek-ai/DeepSeek-V4-Flash-0731,deepseek-ai/DeepSeek-V4-Flash-0731,0,2048,"system,user",6436,200,6004.978090999997,1458,20,1478,0,9.108e-05,stop,,none configured
pr-final-calls,call-1.json,server,deepseek-ai/DeepSeek-V4-Flash-0731,deepseek-ai/DeepSeek-V4-Flash-0731,0,2048,"system,user",6233,200,2356.1731569999997,1375,9,1384,0,8.412000000000001e-05,stop,,none configured
pr-final-calls,call-15.json,server,deepseek-ai/DeepSeek-V4-Flash-0731,deepseek-ai/DeepSeek-V4-Flash-0731,0,2048,"system,user",6345,200,986.1969329999993,1422,18,1440,1024,4.248e-05,stop,,none configured
pr-final-calls,call-18.json,server,deepseek-ai/DeepSeek-V4-Flash-0731,deepseek-ai/DeepSeek-V4-Flash-0731,0,2048,"system,user",4581,200,2003.853103999998,1024,58,1082,512,4.883999999999999e-05,stop,,none configured
pr-final-calls,call-20.json,server,deepseek-ai/DeepSeek-V4-Flash-0731,deepseek-ai/DeepSeek-V4-Flash-0731,0,2048,"system,user",6233,200,9197.557299000007,1375,18,1393,1024,3.966000000000001e-05,stop,,none configured
pr-final-calls,call-21.json,server,deepseek-ai/DeepSeek-V4-Flash-0731,deepseek-ai/DeepSeek-V4-Flash-0731,0,2048,"system,user",4469,200,2955.969328999985,977,25,1002,512,4.0079999999999996e-05,stop,,none configured
pr-final-calls,call-3.json,server,deepseek-ai/DeepSeek-V4-Flash-0731,deepseek-ai/DeepSeek-V4-Flash-0731,0,2048,"system,user",6224,200,1641.6206989999991,1369,40,1409,1024,4.326e-05,stop,,none configured
pr-final-calls,call-32.json,server,deepseek-ai/DeepSeek-V4-Flash-0731,deepseek-ai/DeepSeek-V4-Flash-0731,0,2048,"system,user",6434,200,978.560873999988,1475,18,1493,1024,4.566000000000001e-05,stop,,none configured
pr-final-calls,call-37.json,server,deepseek-ai/DeepSeek-V4-Flash-0731,deepseek-ai/DeepSeek-V4-Flash-0731,0,2048,"system,user",4670,200,1054.0480180000013,1077,20,1097,512,4.5180000000000004e-05,stop,,none configured
pr-final-calls,call-4.json,server,zai-org/GLM-5.3-Flash,zai-org/GLM-5.3-Flash,0,2048,"user,user,user,user,user",4690,200,3906.2316279999995,994,27,1021,0,8.13e-05,stop,,none configured
pr-final-calls,call-43.json,server,deepseek-ai/DeepSeek-V4-Flash-0731,deepseek-ai/DeepSeek-V4-Flash-0731,0,2048,"system,user",6904,200,998.2365310000023,1709,22,1731,1024,6.0419999999999994e-05,stop,,none configured
pr-final-calls,call-48.json,server,deepseek-ai/DeepSeek-V4-Flash-0731,deepseek-ai/DeepSeek-V4-Flash-0731,0,2048,"system,user",5140,200,2117.774971000006,1311,27,1338,512,6.048000000000001e-05,stop,,none configured
pr-final-calls,call-5.json,server,deepseek-ai/DeepSeek-V4-Flash-0731,deepseek-ai/DeepSeek-V4-Flash-0731,0,2048,"system,user",5993,200,947.0647200000003,1332,14,1346,0,8.244000000000002e-05,stop,,none configured
pr-final-calls,call-7.json,server,deepseek-ai/DeepSeek-V4-Flash-0731,deepseek-ai/DeepSeek-V4-Flash-0731,0,2048,"system,user",6722,200,898.4514519999993,1576,22,1598,1024,5.2440000000000006e-05,stop,,none configured
pr-final-calls,call-78.json,server,deepseek-ai/DeepSeek-V4-Flash-0731,deepseek-ai/DeepSeek-V4-Flash-0731,0,2048,"system,user",6517,200,2669.0105779999867,1527,18,1545,1024,4.8780000000000004e-05,stop,,none configured
pr-final-calls,call-8.json,server,deepseek-ai/DeepSeek-V4-Flash-0731,deepseek-ai/DeepSeek-V4-Flash-0731,0,2048,"system,user",4958,200,1328.2327960000002,1178,22,1200,512,5.1599999999999994e-05,stop,,none configured
pr-final-calls,call-85.json,server,deepseek-ai/DeepSeek-V4-Flash-0731,deepseek-ai/DeepSeek-V4-Flash-0731,0,2048,"system,user",4753,200,2147.1264070000034,1129,55,1184,768,4.308e-05,stop,,none configured
pr-fixed-calls,call-1.json,server,deepseek-ai/DeepSeek-V4-Flash-0731,deepseek-ai/DeepSeek-V4-Flash-0731,0,2048,"system,user",6233,200,3257.658007,1375,22,1397,0,8.646000000000001e-05,stop,,none configured
pr-fixed-calls,call-12.json,server,deepseek-ai/DeepSeek-V4-Flash-0731,deepseek-ai/DeepSeek-V4-Flash-0731,0,2048,"system,user",6434,200,1294.4814580000002,1470,18,1488,1024,4.536e-05,stop,,none configured
pr-fixed-calls,call-17.json,server,deepseek-ai/DeepSeek-V4-Flash-0731,deepseek-ai/DeepSeek-V4-Flash-0731,0,2048,"system,user",4670,200,2529.1898629999996,1072,13,1085,512,4.361999999999999e-05,stop,,none configured
pr-fixed-calls,call-2.json,server,deepseek-ai/DeepSeek-V4-Flash-0731,deepseek-ai/DeepSeek-V4-Flash-0731,0,2048,"system,user",4469,200,1525.467033,977,31,1008,0,6.42e-05,stop,,none configured
pr-fixed-calls,call-23.json,server,deepseek-ai/DeepSeek-V4-Flash-0731,deepseek-ai/DeepSeek-V4-Flash-0731,0,2048,"system,user",6919,200,3324.729346000002,1704,22,1726,1024,6.012e-05,stop,,none configured
pr-fixed-calls,call-28.json,server,deepseek-ai/DeepSeek-V4-Flash-0731,deepseek-ai/DeepSeek-V4-Flash-0731,0,2048,"system,user",5155,200,1009.2802270000029,1306,31,1337,512,6.0899999999999996e-05,stop,,none configured
pr-fixed-calls,call-39.json,server,deepseek-ai/DeepSeek-V4-Flash-0731,deepseek-ai/DeepSeek-V4-Flash-0731,0,2048,"system,user",6517,200,1464.7363250000017,1521,18,1539,1024,4.842000000000001e-05,stop,,none configured
pr-fixed-calls,call-46.json,server,deepseek-ai/DeepSeek-V4-Flash-0731,deepseek-ai/DeepSeek-V4-Flash-0731,0,2048,"system,user",4753,200,2426.5991790000007,1123,33,1156,768,3.876e-05,stop,,none configured
tail-after,wire-0.json,A:published-answer-tail:trial-0:direct,deepseek-ai/DeepSeek-V4-Flash-0731,deepseek-ai/DeepSeek-V4-Flash-0731,0,2048,"system,user,assistant,user",4124,200,10629.337754,1316,17,1333,1024,3.594e-05,stop,,none configured
tail-after,wire-1.json,A:published-answer-tail:trial-0:production-character,deepseek-ai/DeepSeek-V4-Flash-0731,deepseek-ai/DeepSeek-V4-Flash-0731,0,2048,"system,user",5896,200,3734.350420999999,1789,18,1807,512,8.753999999999999e-05,stop,,none configured
tail-after,wire-10.json,A:published-answer-tail:trial-2:production-character,deepseek-ai/DeepSeek-V4-Flash-0731,deepseek-ai/DeepSeek-V4-Flash-0731,0,2048,"system,user",4132,200,3476.023057000006,1393,19,1412,0,8.700000000000001e-05,stop,,none configured
tail-after,wire-11.json,A:published-answer-tail:trial-2:counterfactual-without-character-gate,deepseek-ai/DeepSeek-V4-Flash-0731,deepseek-ai/DeepSeek-V4-Flash-0731,0,2048,"system,user",2964,200,2475.5265,1161,19,1180,0,7.308e-05,stop,,none configured
tail-after,wire-2.json,A:published-answer-tail:trial-0:production-character,deepseek-ai/DeepSeek-V4-Flash-0731,deepseek-ai/DeepSeek-V4-Flash-0731,0,2048,"system,user",4132,200,2593.1534900000024,1391,17,1408,0,8.652000000000002e-05,stop,,none configured
tail-after,wire-3.json,A:published-answer-tail:trial-0:counterfactual-without-character-gate,deepseek-ai/DeepSeek-V4-Flash-0731,deepseek-ai/DeepSeek-V4-Flash-0731,0,2048,"system,user",2964,200,1686.172043999999,1162,19,1181,0,7.314000000000001e-05,stop,,none configured
tail-after,wire-4.json,A:published-answer-tail:trial-1:direct,deepseek-ai/DeepSeek-V4-Flash-0731,deepseek-ai/DeepSeek-V4-Flash-0731,0,2048,"system,user,assistant,user",4124,200,1370.876898999999,1316,17,1333,1024,3.594e-05,stop,,none configured
tail-after,wire-5.json,A:published-answer-tail:trial-1:production-character,deepseek-ai/DeepSeek-V4-Flash-0731,deepseek-ai/DeepSeek-V4-Flash-0731,0,2048,"system,user",5896,200,1351.9395060000024,1789,18,1807,512,8.753999999999999e-05,stop,,none configured
tail-after,wire-6.json,A:published-answer-tail:trial-1:production-character,deepseek-ai/DeepSeek-V4-Flash-0731,deepseek-ai/DeepSeek-V4-Flash-0731,0,2048,"system,user",4132,200,1890.2191449999991,1391,17,1408,0,8.652000000000002e-05,stop,,none configured
tail-after,wire-7.json,A:published-answer-tail:trial-1:counterfactual-without-character-gate,deepseek-ai/DeepSeek-V4-Flash-0731,deepseek-ai/DeepSeek-V4-Flash-0731,0,2048,"system,user",2964,200,1647.0192529999986,1162,19,1181,0,7.314000000000001e-05,stop,,none configured
tail-after,wire-8.json,A:published-answer-tail:trial-2:direct,deepseek-ai/DeepSeek-V4-Flash-0731,deepseek-ai/DeepSeek-V4-Flash-0731,0,2048,"system,user,assistant,user",4124,200,5313.247384999999,1316,17,1333,256,7.049999999999999e-05,stop,,none configured
tail-after,wire-9.json,A:published-answer-tail:trial-2:production-character,deepseek-ai/DeepSeek-V4-Flash-0731,deepseek-ai/DeepSeek-V4-Flash-0731,0,2048,"system,user",5896,200,14337.858436999999,1791,18,1809,512,8.766e-05,stop,,none configured
tail-before,wire-0.json,A:published-answer-tail:trial-0:direct,deepseek-ai/DeepSeek-V4-Flash-0731,deepseek-ai/DeepSeek-V4-Flash-0731,0,2048,"system,user,assistant,user",4124,200,2569.032112,1316,17,1333,256,7.049999999999999e-05,stop,,none configured
tail-before,wire-1.json,A:published-answer-tail:trial-0:production-character,deepseek-ai/DeepSeek-V4-Flash-0731,deepseek-ai/DeepSeek-V4-Flash-0731,0,2048,"system,user",4719,200,2081.685592,1247,18,1265,512,5.502e-05,stop,,none configured
tail-before,wire-10.json,A:published-answer-tail:trial-2:production-character,deepseek-ai/DeepSeek-V4-Flash-0731,deepseek-ai/DeepSeek-V4-Flash-0731,0,2048,"system,user",2955,200,1119.4567779999998,847,33,880,0,5.676e-05,stop,,none configured
tail-before,wire-11.json,A:published-answer-tail:trial-2:counterfactual-without-character-gate,deepseek-ai/DeepSeek-V4-Flash-0731,deepseek-ai/DeepSeek-V4-Flash-0731,0,2048,"system,user",1910,200,1742.7938030000005,622,55,677,0,4.7220000000000005e-05,stop,,none configured
tail-before,wire-2.json,A:published-answer-tail:trial-0:production-character,deepseek-ai/DeepSeek-V4-Flash-0731,deepseek-ai/DeepSeek-V4-Flash-0731,0,2048,"system,user",2955,200,1224.607255,849,27,876,0,5.580000000000001e-05,stop,,none configured
tail-before,wire-3.json,A:published-answer-tail:trial-0:counterfactual-without-character-gate,deepseek-ai/DeepSeek-V4-Flash-0731,deepseek-ai/DeepSeek-V4-Flash-0731,0,2048,"system,user",1910,200,2651.145501000001,620,54,674,0,4.692e-05,stop,,none configured
tail-before,wire-4.json,A:published-answer-tail:trial-1:direct,deepseek-ai/DeepSeek-V4-Flash-0731,deepseek-ai/DeepSeek-V4-Flash-0731,0,2048,"system,user,assistant,user",4124,200,2517.4154450000005,1316,17,1333,1024,3.594e-05,stop,,none configured
tail-before,wire-5.json,A:published-answer-tail:trial-1:production-character,deepseek-ai/DeepSeek-V4-Flash-0731,deepseek-ai/DeepSeek-V4-Flash-0731,0,2048,"system,user",4719,200,1792.7514449999999,1247,18,1265,512,5.502e-05,stop,,none configured
tail-before,wire-6.json,A:published-answer-tail:trial-1:production-character,deepseek-ai/DeepSeek-V4-Flash-0731,deepseek-ai/DeepSeek-V4-Flash-0731,0,2048,"system,user",2955,200,1257.9784390000004,849,26,875,0,5.562e-05,stop,,none configured
tail-before,wire-7.json,A:published-answer-tail:trial-1:counterfactual-without-character-gate,deepseek-ai/DeepSeek-V4-Flash-0731,deepseek-ai/DeepSeek-V4-Flash-0731,0,2048,"system,user",1910,200,1878.8507730000001,621,42,663,0,4.482e-05,stop,,none configured
tail-before,wire-8.json,A:published-answer-tail:trial-2:direct,deepseek-ai/DeepSeek-V4-Flash-0731,deepseek-ai/DeepSeek-V4-Flash-0731,0,2048,"system,user,assistant,user",4124,200,1131.972334,1316,17,1333,1024,3.594e-05,stop,,none configured
tail-before,wire-9.json,A:published-answer-tail:trial-2:production-character,deepseek-ai/DeepSeek-V4-Flash-0731,deepseek-ai/DeepSeek-V4-Flash-0731,0,2048,"system,user",4719,200,1305.4564090000022,1245,18,1263,512,5.49e-05,stop,,none configured
native-pilot,native-first.json,pilot,deepseek-ai/DeepSeek-V4-Flash-0731,deepseek-ai/DeepSeek-V4-Flash-0731,,,faithful-history,,200,4087.8988830000935,588,28,616,0,4.032e-05,stop,,False
